sample_no,sample_group,group_label,call_order,egpack,xml,scene,id,speaker_id,speaker_jp,jp,hit_terms,has_ruby_attr,cn_final,review_status,uncertain_for_user
1,opening_daily,??????,220,020_UAF_DAY91_01.egpack,020_UAF_DAY91_01.xml,020_UAF_DAY91_01,game_t00219,game_s00001,ウィル,「お、\wおい――！」,ウィル=>威尔,no,「喂，\w喂――！」,auto_fixed,
2,opening_daily,??????,221,020_UAF_DAY91_01.egpack,020_UAF_DAY91_01.xml,020_UAF_DAY91_01,game_t00220,game_s00005,ダリル,「ああそのまま座ってな。無理するんじゃないよ」,ダリル=>达里尔,no,「啊，就那样坐着。别勉强」,auto_fixed,
3,opening_daily,??????,222,020_UAF_DAY91_01.egpack,020_UAF_DAY91_01.xml,020_UAF_DAY91_01,game_t00221,game_s00005,ダリル,「強化装備のバッテリーは流石に切れてるねえ…\w…\wお嬢ちゃん、\w何日目だい？　水は？」,バッテリー=>电池; ダリル=>达里尔,no,「强化装备的电池果然已经没电了啊…\w…\w小姑娘，\w第几天了？水呢？」,auto_fixed,
4,opening_daily,??????,223,020_UAF_DAY91_01.egpack,020_UAF_DAY91_01.xml,020_UAF_DAY91_01,game_t00222,game_s00011,リリア,「漂流してからは…\w…\w５日目で…\w…\w水分は十分取ってると…\w…\w思います…\w…\w」,リリア=>莉莉娅,no,「从漂流之后…\w…\w第5天…\w…\w水分应该有充分摄取…\w…\w我想…\w…\w」,auto_fixed,
5,opening_daily,??????,224,020_UAF_DAY91_01.egpack,020_UAF_DAY91_01.xml,020_UAF_DAY91_01,game_t00223,,,５日目か…\w…\w水が取れてるなら、\w確かにまだ命の危険は無いレベルだ。よかった…\w…\w。,まだ=>还,no,第5天吗…\w…\w能摄入水分的话，\w确实还没到生命危险的程度。太好了…\w…\w。,auto_fixed,
6,opening_daily,??????,225,020_UAF_DAY91_01.egpack,020_UAF_DAY91_01.xml,020_UAF_DAY91_01,game_t00224,game_s00005,ダリル,「ちょっと待ってな、\w今こっちの服と繋ぐからね」,ダリル=>达里尔,no,「稍等一下，\w现在把这边的服装接上」,auto_fixed,
7,opening_daily,??????,226,020_UAF_DAY91_01.egpack,020_UAF_DAY91_01.xml,020_UAF_DAY91_01,game_t00225,game_s00011,リリア,「すみま…\w…\wせん…\w…\w」,リリア=>莉莉娅,no,「对不…\w…\w起…\w…\w」,auto_fixed,
8,opening_daily,??????,227,020_UAF_DAY91_01.egpack,020_UAF_DAY91_01.xml,020_UAF_DAY91_01,game_t00226,game_s00005,ダリル,「いいんだよ、\wこの広い海のど真ん中で海兵隊のお仲間に出会えたんだ、\w感謝ならマリア様にしときな」,海兵隊=>海军陆战队; ダリル=>达里尔,no,「没关系，\w在这片辽阔大海正中央遇上海军陆战队同伴，\w要感谢就感谢玛利亚大人吧」,auto_fixed,マリア様: 宗教称呼，暂用“玛利亚大人”
9,opening_daily,??????,228,020_UAF_DAY91_01.egpack,020_UAF_DAY91_01.xml,020_UAF_DAY91_01,game_t00227,,,寒いのか…\w…\w？　この日差しと気温でも軽く震えてる。熱があるのかもな。,,no,冷吗…\w…\w？这种日照和气温下还轻微发抖。也许是发烧了。,auto_fixed,
10,opening_daily,??????,229,020_UAF_DAY91_01.egpack,020_UAF_DAY91_01.xml,020_UAF_DAY91_01,game_t00228,game_s00001,ウィル,「中尉、\w毛布出しておきますか？」,ウィル=>威尔; 中尉=>中尉,no,「中尉，\w要把毛毯拿出来吗？」,auto_fixed,
11,opening_daily,??????,230,020_UAF_DAY91_01.egpack,020_UAF_DAY91_01.xml,020_UAF_DAY91_01,game_t00229,game_s00005,ダリル,「今体温を調べてる。どっちにしても強化装備を戦術機に繋いでやる方が早いだろう」,ダリル=>达里尔,no,「正在测体温。不管怎样，还是把强化装备接到战术机上更快吧」,auto_fixed,
12,opening_daily,??????,231,020_UAF_DAY91_01.egpack,020_UAF_DAY91_01.xml,020_UAF_DAY91_01,game_t00230,game_s00005,ダリル,「バイタル、\wそっちにも回すよ」,ダリル=>达里尔,no,「生命体征，\w也转发给你。」,auto_fixed,
13,opening_daily,??????,232,020_UAF_DAY91_01.egpack,020_UAF_DAY91_01.xml,020_UAF_DAY91_01,game_t00231,game_s00005,ダリル,「軽く発熱してる、\wか。けどこの程度なら感染症の心配はなさそうだね」,ダリル=>达里尔,no,「轻微发热，\w吗。不过这个程度应该不用担心感染症」,auto_fixed,
14,opening_daily,??????,233,020_UAF_DAY91_01.egpack,020_UAF_DAY91_01.xml,020_UAF_DAY91_01,game_t00232,,,やっぱりそうか…\w…\wでも一安心だ,,no,果然如此…\w…\w但也算松了一口气。,auto_fixed,
15,opening_daily,??????,234,020_UAF_DAY91_01.egpack,020_UAF_DAY91_01.xml,020_UAF_DAY91_01,game_t00233,,,であれば…\w…\w。,,no,这样的话…\w…\w。,auto_fixed,
16,opening_daily,??????,235,020_UAF_DAY91_01.egpack,020_UAF_DAY91_01.xml,020_UAF_DAY91_01,game_t00234,game_s00005,ダリル,「…\w…\wウィル、\w輸液はいいからドリンクパック寄越しな」,ウィル=>威尔; ダリル=>达里尔; リンク=>链路,no,「…\w…\w威尔，\w输液就算了，把饮料包拿来」,auto_fixed,
17,opening_daily,??????,236,020_UAF_DAY91_01.egpack,020_UAF_DAY91_01.xml,020_UAF_DAY91_01,game_t00235,,,わかってますよ、\wと。,,no,我知道，\w啦。,auto_fixed,
18,opening_daily,??????,237,020_UAF_DAY91_01.egpack,020_UAF_DAY91_01.xml,020_UAF_DAY91_01,game_t00236,game_s00001,ウィル,「アイ。…\w…\wどうぞ、\w飲まれますか？」,ウィル=>威尔,no,「明白。…\w…\w请，\w要喝吗？」,auto_fixed,
19,opening_daily,??????,238,020_UAF_DAY91_01.egpack,020_UAF_DAY91_01.xml,020_UAF_DAY91_01,game_t00237,game_s00011,リリア,「いただきます…\w…\wありがとう…\w…\w」,リリア=>莉莉娅,no,「我喝…\w…\w谢谢…\w…\w」,auto_fixed,
20,opening_daily,??????,239,020_UAF_DAY91_01.egpack,020_UAF_DAY91_01.xml,020_UAF_DAY91_01,game_t00238,game_s00005,ダリル,「簡易バイタルチェックを掛けてるけど…\w…\w外傷もないみたいだし、\w帰還まで差し迫った問題はなさそうね」,ダリル=>达里尔,no,「我正在做简易生命体征检查…\w…\w看起来也没有外伤，\w到返航前应该没有迫切问题」,auto_fixed,
21,opening_daily,??????,240,020_UAF_DAY91_01.egpack,020_UAF_DAY91_01.xml,020_UAF_DAY91_01,game_t00239,game_s00001,ウィル,「良かった…\w…\wもう大丈夫ですよ、\wえーと、\wリリア…\w…\w」,リリア=>莉莉娅; ウィル=>威尔,no,「太好了…\w…\w已经没事了，\w那个，\w莉莉娅…\w…\w」,auto_fixed,
22,opening_daily,??????,241,020_UAF_DAY91_01.egpack,020_UAF_DAY91_01.xml,020_UAF_DAY91_01,game_t00240,,,さっき苗字までは聞き取れなかったんだよな。,,no,刚才没听清姓氏。,auto_fixed,
23,opening_daily,??????,242,020_UAF_DAY91_01.egpack,020_UAF_DAY91_01.xml,020_UAF_DAY91_01,game_t00241,game_s00011,リリア,「…\w…\w第２６海兵戦術機甲群所属、\wリリア・シェルベリ少尉です。座ったまま失礼します」,リリア・シェルベリ=>莉莉娅·谢尔贝里; リリア・シェル=>莉莉娅·谢尔; シェルベリ=>谢尔贝里; リリア=>莉莉娅; 少尉=>少尉,no,「…\w…\w隶属于第26海军陆战队战术机甲群，\w我是莉莉娅·谢尔贝里少尉。恕我坐着失礼了。」,auto_fixed,
24,opening_daily,??????,243,020_UAF_DAY91_01.egpack,020_UAF_DAY91_01.xml,020_UAF_DAY91_01,game_t00242,game_s00001,ウィル,「第３１８海兵戦術機隊、\w\nウィルバート・コリンズ少尉です」,ウィルバート・コリンズ=>威尔伯特·柯林斯; 第３１８海兵戦術機隊=>第318海军陆战队战术机队; 海兵戦術機隊=>海军陆战队战术机队; 戦術機隊=>战术机队; コリンズ=>柯林斯; ウィル=>威尔; 少尉=>少尉,no,「第318海军陆战队战术机队，\w\n威尔伯特·柯林斯少尉。」,auto_fixed,
25,opening_daily,??????,244,020_UAF_DAY91_01.egpack,020_UAF_DAY91_01.xml,020_UAF_DAY91_01,game_t00243,game_s00005,ダリル,「同じく、\wダリル・マクマナス中尉だ。今は二人とも海軍の第３母艦付きだけどね」,ダリル・マクマナス=>达里尔·麦克马纳斯; マクマナス中尉=>麦克马纳斯中尉; マクマナス=>麦克马纳斯; ダリル=>达里尔; 中尉=>中尉; 海軍=>海军; 母艦=>母舰,yes,「同样，\w我是达里尔·麦克马纳斯中尉。不过，现在我们俩都隶属于海军第三母舰。」,auto_fixed,
26,opening_daily,??????,245,020_UAF_DAY91_01.egpack,020_UAF_DAY91_01.xml,020_UAF_DAY91_01,game_t00244,game_s00011,リリア,「第３母艦…\w…\wジョン・Ｆ・ケネディ！　ああ、\w助かった…\w…\w！」,ジョン・Ｆ・ケネディ=>约翰·F·肯尼迪; ケネディ=>肯尼迪; リリア=>莉莉娅; 母艦=>母舰,no,「第3母舰…\w…\w约翰·F·肯尼迪！　啊，\w得救了…\w…\w！」,auto_fixed,
27,opening_daily,??????,246,020_UAF_DAY91_01.egpack,020_UAF_DAY91_01.xml,020_UAF_DAY91_01,game_t00245,,,助かった、\wか…\w…\w。,,no,得救了，\w吗…\w…\w。,auto_fixed,
28,opening_daily,??????,247,020_UAF_DAY91_01.egpack,020_UAF_DAY91_01.xml,020_UAF_DAY91_01,game_t00246,,,さすがは合衆国の正規母艦様、\w名前だけでこのリアクションだ。あれに拾われればそりゃ助かる…\w…\wと思うだろう。,合衆国=>合众国; 母艦=>母舰,no,不愧是合众国的正规母舰，\w只报个名字就有这种反应。被它捞到的话，当然会觉得得救了…\w…\w。,auto_fixed,
29,opening_daily,??????,248,020_UAF_DAY91_01.egpack,020_UAF_DAY91_01.xml,020_UAF_DAY91_01,game_t00247,,,…\w…\wまあ、\wその考えは現状、\w半分しか当たってないんだけどな。,,no,…\w…\w不过，\w这种想法就现状来说，\w只说中了一半。,auto_fixed,
30,opening_daily,??????,249,020_UAF_DAY91_01.egpack,020_UAF_DAY91_01.xml,020_UAF_DAY91_01,game_t00248,game_s00005,ダリル,「そっちの第２６ってことは…\w…\wフィリピンからかい？　艦は？」,フィリピン=>菲律宾; ダリル=>达里尔,no,「你那边是第26的话…\w…\w从菲律宾来的？舰呢？」,auto_fixed,
31,opening_daily,??????,250,020_UAF_DAY91_01.egpack,020_UAF_DAY91_01.xml,020_UAF_DAY91_01,game_t00249,game_s00011,リリア,「あ…\w…\wそうだ、\wこんな話してる場合じゃ…\w…\w！」,リリア=>莉莉娅,no,「啊…\w…\w对了，\w现在也许不是说这种话的时候…\w…\w！」,auto_fixed,
32,opening_daily,??????,251,020_UAF_DAY91_01.egpack,020_UAF_DAY91_01.xml,020_UAF_DAY91_01,game_t00250,,,え…\w…\w？,,no,咦…\w…\w？,auto_fixed,
33,opening_daily,??????,252,020_UAF_DAY91_01.egpack,020_UAF_DAY91_01.xml,020_UAF_DAY91_01,game_t00251,game_s00011,リリア,「すみません、\w捜索隊の手配をお願いします…\w…\w！　他にも救命艇が脱出してるはずなんです！」,リリア=>莉莉娅; 捜索隊=>搜索队,no,「不好意思，\w请安排搜索队…\w…\w！　其他救生艇应该也逃出来了！」,auto_fixed,
34,opening_daily,??????,253,020_UAF_DAY91_01.egpack,020_UAF_DAY91_01.xml,020_UAF_DAY91_01,game_t00252,,,おいおい、\w本当に無茶する奴だな！　しかも急に…\w…\w。,,no,喂喂，\w真是个乱来的家伙！而且突然…\w…\w。,auto_fixed,
35,opening_daily,??????,254,020_UAF_DAY91_01.egpack,020_UAF_DAY91_01.xml,020_UAF_DAY91_01,game_t00253,game_s00005,ダリル,「だから無理するなって言ってるだろう…\w…\w一体どうしたんだい！？」,ダリル=>达里尔,no,「所以我才说别勉强吧…\w…\w到底怎么了！？」,auto_fixed,
36,opening_daily,??????,255,020_UAF_DAY91_01.egpack,020_UAF_DAY91_01.xml,020_UAF_DAY91_01,game_t00254,game_s00011,リリア,「船は海軍の『シアトル』で脱出してたんですが…\w…\w機関部をやられて漂流してたんです」,シアトル=>西雅图; リリア=>莉莉娅; 海軍=>海军,no,「我们是搭海军的『西雅图』号撤出来的…\w…\w可是机舱受损后一直漂流。」,auto_fixed,
37,opening_daily,??????,256,020_UAF_DAY91_01.egpack,020_UAF_DAY91_01.xml,020_UAF_DAY91_01,game_t00255,game_s00011,リリア,「補給艦でしたから物資には困らなかったんですが、\w５日前に嵐で…\w…\w」,リリア=>莉莉娅; 物資=>物资,no,「因为是补给舰，物资上倒是不缺，\w但5天前遇上风暴…\w…\w」,auto_fixed,
38,opening_daily,??????,257,020_UAF_DAY91_01.egpack,020_UAF_DAY91_01.xml,020_UAF_DAY91_01,game_t00256,game_s00001,ウィル,「…\w…\w…\w…\w」,ウィル=>威尔,no,「…\w…\w…\w…\w」,auto_fixed,
39,opening_daily,??????,258,020_UAF_DAY91_01.egpack,020_UAF_DAY91_01.xml,020_UAF_DAY91_01,game_t00257,,,そうか…\w…\wあの日から長いこと漂流した上で、\wさらに遭難したってわけか。キツいな…\w…\w。,,no,是吗…\w…\w从那天开始漂流了那么久，\w然后又遇难了啊。真够难受的…\w…\w。,auto_fixed,
40,opening_daily,??????,259,020_UAF_DAY91_01.egpack,020_UAF_DAY91_01.xml,020_UAF_DAY91_01,game_t00258,game_s00011,リリア,「元々浸水区画が多かったんで、\w許容応力を超えたんだと思います。それで、\w一気に浸水が進んで…\w…\w」,リリア=>莉莉娅,no,「原本浸水区就多，\w我觉得是超过了容许应力。然后，\w一下子就淹过来了…\w…\w」,ok,
41,opening_daily,??????,260,020_UAF_DAY91_01.egpack,020_UAF_DAY91_01.xml,020_UAF_DAY91_01,game_t00259,game_s00011,リリア,「…\w…\wとっさに強化装備をつかんで救命艇に飛び乗るのがやっとで…\w…\w」,リリア=>莉莉娅,no,「…\w…\w情急之下抓起强化装备，跳上救生艇就已经拼尽全力…\w…\w」,auto_fixed,
42,opening_daily,??????,261,020_UAF_DAY91_01.egpack,020_UAF_DAY91_01.xml,020_UAF_DAY91_01,game_t00260,game_s00005,ダリル,「…\w…\w…\w…\w」,ダリル=>达里尔,no,「…\w…\w…\w…\w」,auto_fixed,
43,opening_daily,??????,262,020_UAF_DAY91_01.egpack,020_UAF_DAY91_01.xml,020_UAF_DAY91_01,game_t00261,game_s00011,リリア,「でも、\w他にも何隻かボートが展開したのは目撃してるんです！　他の救命艇はすぐに離れてはぐれてしまいましたけど…\w…\w」,リリア=>莉莉娅,no,「但是，\w我确实看到还有其他几艘小艇被放下来了！其他救生艇很快就离开，后来就走散了…\w…\w」,auto_fixed,
44,opening_daily,??????,263,020_UAF_DAY91_01.egpack,020_UAF_DAY91_01.xml,020_UAF_DAY91_01,game_t00262,,,…\w…\w…\w…\w！,,no,…\w…\w…\w…\w！,auto_fixed,
45,opening_daily,??????,264,020_UAF_DAY91_01.egpack,020_UAF_DAY91_01.xml,020_UAF_DAY91_01,game_t00263,,,そういうことか…\w…\wと言うより、\w当然だよな。救命艇が１隻だけなワケがない。,,no,原来如此…\w…\w不如说，\w这是当然的。救生艇不可能只有一艘。,auto_fixed,
46,opening_daily,??????,265,020_UAF_DAY91_01.egpack,020_UAF_DAY91_01.xml,020_UAF_DAY91_01,game_t00264,,,でも…\w…\w。,,no,可是…\w…\w。,auto_fixed,
47,opening_daily,??????,266,020_UAF_DAY91_01.egpack,020_UAF_DAY91_01.xml,020_UAF_DAY91_01,game_t00265,game_s00011,リリア,「お願いです！　今から捜索すればきっとまだ――！」,リリア=>莉莉娅; まだ=>还,no,「拜托了！　现在开始搜索的话一定还――！」,auto_fixed,
48,opening_daily,??????,267,020_UAF_DAY91_01.egpack,020_UAF_DAY91_01.xml,020_UAF_DAY91_01,game_t00266,game_s00001,ウィル,「…\w…\w…\w…\w」,ウィル=>威尔,no,「…\w…\w…\w…\w」,auto_fixed,
49,opening_daily,??????,268,020_UAF_DAY91_01.egpack,020_UAF_DAY91_01.xml,020_UAF_DAY91_01,game_t00267,game_s00005,ダリル,「…\w…\w…\w…\w」,ダリル=>达里尔,no,「…\w…\w…\w…\w」,auto_fixed,
50,opening_daily,??????,269,020_UAF_DAY91_01.egpack,020_UAF_DAY91_01.xml,020_UAF_DAY91_01,game_t00268,,,…\w…\wここは、\w隊長に切り出してもらった方がいいな…\w…\w。上からの台詞にした方がまだ受け入れやすいだろう…\w…\w。,隊長=>队长; まだ=>还,no,…\w…\w这里，\w还是让队长开口比较好…\w…\w。由上级来说，她应该还更容易接受…\w…\w。,auto_fixed,
51,battle_comms_command,??/??/??,20,020_UAF_DAY91_01.egpack,020_UAF_DAY91_01.xml,020_UAF_DAY91_01,game_t00019,,,―\w―\w変わらぬ空を、\w今日も飛ぶ。,,no,―\w―\w一成不变的天空，\w今天也继续飞行。,auto_fixed,
52,battle_comms_command,??/??/??,21,020_UAF_DAY91_01.egpack,020_UAF_DAY91_01.xml,020_UAF_DAY91_01,game_t00020,game_s00014,少尉,「…\w…\wナイヴス２よりナイヴス１。予定地点到達まで後１２０秒」,ナイヴス２=>黑刃2; ナイヴス１=>黑刃1; ナイヴス=>黑刃; 少尉=>少尉,no,「…\w…\w黑刃2呼叫黑刃1。距离抵达预定地点还有120秒」,auto_fixed,
53,battle_comms_command,??/??/??,22,020_UAF_DAY91_01.egpack,020_UAF_DAY91_01.xml,020_UAF_DAY91_01,game_t00021,game_s00012,中尉,「ナイヴス１了解。減速を開始する。測地準備に入れ」,ナイヴス１=>黑刃1; ナイヴス=>黑刃; 中尉=>中尉,no,「黑刃1收到。开始减速。进入测地准备」,auto_fixed,
54,battle_comms_command,??/??/??,23,020_UAF_DAY91_01.egpack,020_UAF_DAY91_01.xml,020_UAF_DAY91_01,game_t00022,game_s00014,少尉,「ナイヴス２了解」,ナイヴス２=>黑刃2; ナイヴス=>黑刃; 少尉=>少尉,no,「黑刃2，了解。」,auto_fixed,
55,battle_comms_command,??/??/??,24,020_UAF_DAY91_01.egpack,020_UAF_DAY91_01.xml,020_UAF_DAY91_01,game_t00023,game_s00014,少尉,「…\w…\w…\w…\w」,少尉=>少尉,no,「…\w…\w…\w…\w」,auto_fixed,
56,battle_comms_command,??/??/??,25,020_UAF_DAY91_01.egpack,020_UAF_DAY91_01.xml,020_UAF_DAY91_01,game_t00024,,,滑らかに、穏やかに―\w―,,no,平滑地，平稳地―\w―,auto_fixed,
57,battle_comms_command,??/??/??,26,020_UAF_DAY91_01.egpack,020_UAF_DAY91_01.xml,020_UAF_DAY91_01,game_t00025,,,…\w…\wよし、\w特に問題ないな。,,no,…\w…\w好，\w没什么问题。,auto_fixed,
58,battle_comms_command,??/??/??,27,020_UAF_DAY91_01.egpack,020_UAF_DAY91_01.xml,020_UAF_DAY91_01,game_t00026,game_s00014,少尉,「対地光学映像記録完了、\wＧＰＳ照合に回します。…\w…\w元の座標データじゃ深海層か」,ＧＰＳ=>GPS; 少尉=>少尉,no,「对地光学影像记录完毕，\w转入GPS核对。…\w…\w原始坐标数据显示是深海层吗？」,auto_fixed,
59,battle_comms_command,??/??/??,28,020_UAF_DAY91_01.egpack,020_UAF_DAY91_01.xml,020_UAF_DAY91_01,game_t00027,game_s00012,中尉,「ナイヴス１了解。こちらも記録を完了した。誤差はないようだ」,ナイヴス１=>黑刃1; ナイヴス=>黑刃; 中尉=>中尉,no,「黑刃1收到。这边也完成记录了。看来没有误差」,auto_fixed,
60,battle_comms_command,??/??/??,29,020_UAF_DAY91_01.egpack,020_UAF_DAY91_01.xml,020_UAF_DAY91_01,game_t00028,game_s00012,中尉,「悪くない飛び方だったな、\wウィル。滑らかに穏やかに」,ウィル=>威尔; 中尉=>中尉,no,「飞得不错啊，\w威尔。平滑而平稳」,auto_fixed,
61,battle_comms_command,??/??/??,30,020_UAF_DAY91_01.egpack,020_UAF_DAY91_01.xml,020_UAF_DAY91_01,game_t00029,game_s00012,中尉,「女を扱うように優しくするんだ。貴様のようなガサツな奴は女にも戦術機にも嫌われるぞ」,中尉=>中尉,yes,「要像对待女人一样温柔地对待它。像你这样粗鲁的家伙，既会被女人讨厌，也会被战术机讨厌的哦。」,ok,
62,battle_comms_command,??/??/??,31,020_UAF_DAY91_01.egpack,020_UAF_DAY91_01.xml,020_UAF_DAY91_01,game_t00030,,,やれやれ…\w…\wうまく飛んでも結局『坊や』扱いは変わらずか。,,no,真是的…\w…\w就算飞得好，结果还是被当成『小子』啊。,auto_fixed,
63,battle_comms_command,??/??/??,32,020_UAF_DAY91_01.egpack,020_UAF_DAY91_01.xml,020_UAF_DAY91_01,game_t00031,game_s00001,ウィル,「了解です、\wマクマナス中尉。――中尉を扱うように丁寧に心掛けます」,マクマナス中尉=>麦克马纳斯中尉; マクマナス=>麦克马纳斯; ウィル=>威尔; 中尉=>中尉,no,「明白，\w麦克马纳斯中尉。――我会像对待中尉一样小心谨慎地对待。」,ok,
64,battle_comms_command,??/??/??,33,020_UAF_DAY91_01.egpack,020_UAF_DAY91_01.xml,020_UAF_DAY91_01,game_t00032,game_s00009,マクマナス中尉,「…\w…\wなんだ？　帰投したらご褒美が欲しいのか？」,マクマナス中尉=>麦克马纳斯中尉; マクマナス=>麦克马纳斯; 中尉=>中尉,no,「…\w…\w怎么？返航后想要奖励吗？」,auto_fixed,
65,battle_comms_command,??/??/??,34,020_UAF_DAY91_01.egpack,020_UAF_DAY91_01.xml,020_UAF_DAY91_01,game_t00033,game_s00001,ウィル,「謹んで遠慮申し上げます、\wマム」,ウィル=>威尔,no,「恕我郑重拒绝，长官」,自动修正,
66,battle_comms_command,??/??/??,35,020_UAF_DAY91_01.egpack,020_UAF_DAY91_01.xml,020_UAF_DAY91_01,game_t00034,game_s00009,マクマナス中尉,「いい返事だウィル。よく分かったよ、\wおまえがまったく分かっちゃいないってことがね」,マクマナス中尉=>麦克马纳斯中尉; マクマナス=>麦克马纳斯; ウィル=>威尔; 中尉=>中尉,no,「回答得不错，威尔。我明白了，\w换句话说，你根本没明白」,auto_fixed,
67,battle_comms_command,??/??/??,36,020_UAF_DAY91_01.egpack,020_UAF_DAY91_01.xml,020_UAF_DAY91_01,game_t00035,,,とはいえ、\w単調で気の滅入る任務の最中、\wこういう軽口は正直ありがたい。,,no,话虽如此，\w在这单调又令人郁闷的任务中，\w这种玩笑老实说挺让人感激的。,auto_fixed,
68,battle_comms_command,??/??/??,37,020_UAF_DAY91_01.egpack,020_UAF_DAY91_01.xml,020_UAF_DAY91_01,game_t00036,game_s00001,ウィル,「――にしても、\wこっちも代わり映えしない光景ですね。…\w…\w分かっちゃいましたが、\wその…\w…\w」,ウィル=>威尔,no,「话说回来，\w这边也还是一成不变的景象呢。…\w…\w虽然我已经明白了，\w那个…\w…\w」,auto_fixed,
69,battle_comms_command,??/??/??,38,020_UAF_DAY91_01.egpack,020_UAF_DAY91_01.xml,020_UAF_DAY91_01,game_t00037,,,何度見ても気の滅入る風景だ。,,no,无论看多少次，都是令人沮丧的景象。,auto_fixed,
70,battle_comms_command,??/??/??,39,020_UAF_DAY91_01.egpack,020_UAF_DAY91_01.xml,020_UAF_DAY91_01,game_t00038,,,延々と続く海岸線、\w見渡す限りの塩の砂漠。人類の存在を示す代物が欠片も無い世界が広がっている。,,no,无尽延伸的海岸线，\w放眼望去尽是盐之沙漠。眼前展开的是一个没有半点人类存在痕迹的世界。,auto_fixed,
71,battle_comms_command,??/??/??,40,020_UAF_DAY91_01.egpack,020_UAF_DAY91_01.xml,020_UAF_DAY91_01,game_t00039,game_s00009,マクマナス中尉,「おやおや、\w泣き言には早すぎだねえ少尉」,マクマナス中尉=>麦克马纳斯中尉; マクマナス=>麦克马纳斯; 少尉=>少尉; 中尉=>中尉,no,「哎呀哎呀，\w现在就诉苦还太早了吧，少尉。」,auto_fixed,
72,battle_comms_command,??/??/??,41,020_UAF_DAY91_01.egpack,020_UAF_DAY91_01.xml,020_UAF_DAY91_01,game_t00040,game_s00001,ウィル,「泣き言ではありません。感想です」,ウィル=>威尔,no,「这不是牢骚，只是感想。」,auto_fixed,
73,battle_comms_command,??/??/??,42,020_UAF_DAY91_01.egpack,020_UAF_DAY91_01.xml,020_UAF_DAY91_01,game_t00041,game_s00009,マクマナス中尉,「ほう、\wこのダリル姐さんに向かって言うじゃないか」,マクマナス中尉=>麦克马纳斯中尉; マクマナス=>麦克马纳斯; ダリル=>达里尔; 中尉=>中尉,no,「哦，\w你敢这么跟达里尔姐说啊」,auto_fixed,
74,battle_comms_command,??/??/??,43,020_UAF_DAY91_01.egpack,020_UAF_DAY91_01.xml,020_UAF_DAY91_01,game_t00042,game_s00001,ウィル,「上官への正しい助言は部下の責務であります、\wマム」,ウィル=>威尔,no,「向上官提出正确建议是部下的职责，长官」,自动修正,
75,battle_comms_command,??/??/??,44,020_UAF_DAY91_01.egpack,020_UAF_DAY91_01.xml,020_UAF_DAY91_01,game_t00043,game_s00005,ダリル,「やれやれ。何を期待してたか知らないがアタシゃ何も変わらん方が安心するね。全ては予想の範疇内、\wなべて世は事もなし、\wってな」,ダリル=>达里尔,no,「哎呀呀。虽然不知道你在期待什么，不过对我来说，什么都不变才更安心。一切都在预料之中，\w天下太平，\w就是这么回事。」,auto_fixed,
76,battle_comms_command,??/??/??,45,020_UAF_DAY91_01.egpack,020_UAF_DAY91_01.xml,020_UAF_DAY91_01,game_t00044,game_s00001,ウィル,「…\w…\w…\w…\w」,ウィル=>威尔,no,「…\w…\w…\w…\w」,auto_fixed,
77,battle_comms_command,??/??/??,46,020_UAF_DAY91_01.egpack,020_UAF_DAY91_01.xml,020_UAF_DAY91_01,game_t00045,game_s00005,ダリル,「しかし、\wオマエの台詞も分からんでもない。最近はお船も網に掛からんが、\wこれっきりで打ち止めとは思いたくないからねえ」,ダリル=>达里尔,no,「不过，\w你说的话我也不是不能理解。最近船也没进网，\w但我可不想认为到这就结束了」,auto_fixed,
78,battle_comms_command,??/??/??,47,020_UAF_DAY91_01.egpack,020_UAF_DAY91_01.xml,020_UAF_DAY91_01,game_t00046,game_s00001,ウィル,「諦めたくないんですよ、\w俺はまだ」,ウィル=>威尔; まだ=>还,no,「我还不想放弃。」,auto_fixed,
79,battle_comms_command,??/??/??,48,020_UAF_DAY91_01.egpack,020_UAF_DAY91_01.xml,020_UAF_DAY91_01,game_t00047,game_s00005,ダリル,「誰も諦めたかないさ。だからこそアタシらはここにいる。でも忘れるんじゃないよ、\w『無事に帰る』のも任務だよ」,ダリル=>达里尔,no,「谁都不想放弃。所以我们才会在这里。但别忘了，\w『平安回去』也是任务」,auto_fixed,
80,battle_comms_command,??/??/??,49,020_UAF_DAY91_01.egpack,020_UAF_DAY91_01.xml,020_UAF_DAY91_01,game_t00048,game_s00001,ウィル,「アイマム。\wもちろんです」,ウィル=>威尔,no,「是，长官。当然」,自动修正,
81,battle_comms_command,??/??/??,50,020_UAF_DAY91_01.egpack,020_UAF_DAY91_01.xml,020_UAF_DAY91_01,game_t00049,,,無事に帰りたいが、\w何かがあって欲しい。,,no,我想平安回去，\w但也希望能发生点什么。,auto_fixed,
82,battle_comms_command,??/??/??,51,020_UAF_DAY91_01.egpack,020_UAF_DAY91_01.xml,020_UAF_DAY91_01,game_t00050,,,もちろん別にトラブルが欲しいってわけじゃない。,トラブル=>麻烦,no,当然，我并不是想要什么麻烦。,auto_fixed,
83,battle_comms_command,??/??/??,52,020_UAF_DAY91_01.egpack,020_UAF_DAY91_01.xml,020_UAF_DAY91_01,game_t00051,,,ただ、\wこの何も無い世界に、\w何かが、\w誰かが――,誰かが=>有人,no,只是，\w在这个什么都没有的世界里，\w有什么，\w有谁――,auto_fixed,
84,battle_comms_command,??/??/??,53,020_UAF_DAY91_01.egpack,020_UAF_DAY91_01.xml,020_UAF_DAY91_01,game_t00052,game_s00001,ウィル,「ＧＰＳ照合完了。マップデータ更新…\w…\w\n精度問題なし。転送します」,ウィル=>威尔; ＧＰＳ=>GPS,no,"「GPS校对完成。地图数据更新…\w…\w
精度没有问题。正在传送」",auto_fixed,
85,battle_comms_command,??/??/??,54,020_UAF_DAY91_01.egpack,020_UAF_DAY91_01.xml,020_UAF_DAY91_01,game_t00053,game_s00005,ダリル,「――更新確認。こちらも異常なしだ」,ダリル=>达里尔,no,「――确认更新。这边也无异常」,auto_fixed,
86,battle_comms_command,??/??/??,55,020_UAF_DAY91_01.egpack,020_UAF_DAY91_01.xml,020_UAF_DAY91_01,game_t00054,game_s00005,ダリル,「地図作成装置ができて随分楽になったモンだ。メルヴィナ様々だ。…\w…\w写真並べてお絵描きするのはもうウンザリだからねえ」,メルヴィナ=>梅尔维娜; ダリル=>达里尔,no,「有了地图制作装置之后轻松多了。真得感谢梅尔维娜啊。…\w…\w我已经受够了把照片排起来画图了」,auto_fixed,
87,battle_comms_command,??/??/??,56,020_UAF_DAY91_01.egpack,020_UAF_DAY91_01.xml,020_UAF_DAY91_01,game_t00055,,,帰投後にマークした座標と光学カメラの記録をつき合わせ、\w延々と海岸線情報を打ち込んでいく――,カメラ=>摄像机,no,返航后，将标记的坐标和光学摄像机记录进行比对，\w没完没了地录入海岸线信息――,auto_fixed,
88,battle_comms_command,??/??/??,57,020_UAF_DAY91_01.egpack,020_UAF_DAY91_01.xml,020_UAF_DAY91_01,game_t00056,,,あれは苦痛以外の何物でもなかったな。,,no,那简直只有痛苦可言。,auto_fixed,
89,battle_comms_command,??/??/??,58,020_UAF_DAY91_01.egpack,020_UAF_DAY91_01.xml,020_UAF_DAY91_01,game_t00057,game_s00001,ウィル,「メルは凄い奴ですよ。あり合わせで色々組み上げるのがホント上手い」,ウィル=>威尔,no,「梅尔很厉害。她真的很擅长用手边材料组装各种东西」,auto_fixed,
90,battle_comms_command,??/??/??,59,020_UAF_DAY91_01.egpack,020_UAF_DAY91_01.xml,020_UAF_DAY91_01,game_t00058,game_s00001,ウィル,「数字に強いってのはインド系の血の為せる業ってやつですかね」,ウィル=>威尔; インド=>印度,no,「擅长数字是印度裔血统带来的本事吗？」,auto_fixed,
91,battle_comms_command,??/??/??,60,020_UAF_DAY91_01.egpack,020_UAF_DAY91_01.xml,020_UAF_DAY91_01,game_t00059,game_s00005,ダリル,「そこは関係ないだろう…\w…\wと言うべきトコだが、\wあり得ん話でもないな。…\w…\w少なくとも、\wそう思わせるように振る舞ってる」,ダリル=>达里尔,no,「这点应该没关系…\w…\w本该这么说，不过，\w也不是完全不可能。…\w…\w至少，\w她表现得像是会让人这么想」,auto_fixed,
92,battle_comms_command,??/??/??,61,020_UAF_DAY91_01.egpack,020_UAF_DAY91_01.xml,020_UAF_DAY91_01,game_t00060,game_s00005,ダリル,「オージーとインドも複雑だしねえ…\w…\w。そう見られた方が彼女にとって得なんだろうよ」,ダリル=>达里尔; インド=>印度,no,「澳洲人和印度人之间也复杂得很呢…\w…\w。被那样看待，对她来说反而有利吧」,auto_fixed,
93,battle_comms_command,??/??/??,62,020_UAF_DAY91_01.egpack,020_UAF_DAY91_01.xml,020_UAF_DAY91_01,game_t00061,game_s00001,ウィル,「…\w…\w…\w…\w」,ウィル=>威尔,no,「…\w…\w…\w…\w」,auto_fixed,
94,battle_comms_command,??/??/??,63,020_UAF_DAY91_01.egpack,020_UAF_DAY91_01.xml,020_UAF_DAY91_01,game_t00062,,,インドからの難民を大量に受け入れた\nオーストラリアだが、\wその扱いは\n俺たち米国と似たようなもんだ。,オーストラリア=>澳大利亚; インド=>印度; 米国=>美国,no,虽然澳大利亚接收了大量来自印度的难民\n但其待遇\w\n和我们美国也差不多。,auto_fixed,
95,battle_comms_command,??/??/??,64,020_UAF_DAY91_01.egpack,020_UAF_DAY91_01.xml,020_UAF_DAY91_01,game_t00063,,,いや、\w優秀な難民は使いたいが人種差別も根強い、\wというネジれた事情は、\w米国より複雑かもしれない。,かもしれない=>也许; 米国=>美国,no,不，\w想利用优秀难民，却又有根深蒂固的种族歧视，\w这种扭曲的情况，\w也许比美国还复杂。,auto_fixed,
96,battle_comms_command,??/??/??,65,020_UAF_DAY91_01.egpack,020_UAF_DAY91_01.xml,020_UAF_DAY91_01,game_t00064,game_s00005,ダリル,「人間、\w追い詰められると縄張り意識が強くなるっていうか…\w…\w。――んなモン気にしても、\wどうしようもないんだけどねえ、\wもう」,ダリル=>达里尔,no,「人啊，\w被逼到绝境时，领地意识就会变强…\w…\w。――就算在意那种事，\w也无可奈何了啊，\w已经」,auto_fixed,
97,battle_comms_command,??/??/??,66,020_UAF_DAY91_01.egpack,020_UAF_DAY91_01.xml,020_UAF_DAY91_01,game_t00065,game_s00001,ウィル,「…\w…\wそうですね。皮肉な話です」,ウィル=>威尔,no,「…\w…\w是啊。真是讽刺。」,auto_fixed,
98,battle_comms_command,??/??/??,67,020_UAF_DAY91_01.egpack,020_UAF_DAY91_01.xml,020_UAF_DAY91_01,game_t00066,game_s00005,ダリル,「よし、\wそろそろ設置ポイントだ。この地形なら少し内陸に寄せるべきか――ナイヴス２、\w続け」,ナイヴス２=>黑刃2; ナイヴス=>黑刃; ダリル=>达里尔,no,「好，\w差不多到设置点了。这个地形的话应该稍微往内陆靠――黑刃2，\w跟上」,auto_fixed,
99,battle_comms_command,??/??/??,68,020_UAF_DAY91_01.egpack,020_UAF_DAY91_01.xml,020_UAF_DAY91_01,game_t00067,game_s00001,ウィル,「ナイヴス２了解」,ナイヴス２=>黑刃2; ナイヴス=>黑刃; ウィル=>威尔,no,「黑刃2了解」,auto_fixed,
100,battle_comms_command,??/??/??,69,020_UAF_DAY91_01.egpack,020_UAF_DAY91_01.xml,020_UAF_DAY91_01,game_t00068,game_s00005,ダリル,「ＯＫ、\wこの辺りにするぞ」,ダリル=>达里尔,no,「OK，\w就定在这附近。」,auto_fixed,
101,proper_noun_dense,??????,676,030_UAF_DAY93_01.egpack,030_UAF_DAY93_01.xml,030_UAF_DAY93_01,game_t00675,,,誇張ではなく、\wまったくの事実だ…\w…\w。,,no,这不是夸张，\w而是彻头彻尾的事实…\w…\w。,auto_fixed,
102,proper_noun_dense,??????,677,030_UAF_DAY93_01.egpack,030_UAF_DAY93_01.xml,030_UAF_DAY93_01,game_t00676,,,生き延びただけでも、\w英雄になれる――あの大海崩はそれぐらいの大災害だった。,大海崩=>大海崩,no,光是活下来，\w就足以成为英雄――那场大海崩就是如此巨大的灾难。,auto_fixed,
103,proper_noun_dense,??????,678,030_UAF_DAY93_01.egpack,030_UAF_DAY93_01.xml,030_UAF_DAY93_01,game_t00677,game_s00004,オールストン准将,「追って説明するが、\w現在我々は、\w未だ本国との連絡に成功していない。すなわち、\wブルーオーシャン作戦は今なお継続中ということである」,ブルーオーシャン作戦=>蓝海作战; ブルーオーシャン=>蓝海; オールストン准将=>奥尔斯顿准将; 本国=>本国; 准将=>准将,no,「稍后会说明，\w目前我们\w仍未成功与本国取得联系。也就是说，\w蓝海作战现在仍在继续」,auto_fixed,
104,proper_noun_dense,??????,679,030_UAF_DAY93_01.egpack,030_UAF_DAY93_01.xml,030_UAF_DAY93_01,game_t00678,game_s00004,オールストン准将,「この状況下にあって、\w我々は多くの欠員を出しており、\w一人でも多くの人員を欲している」,オールストン准将=>奥尔斯顿准将; 准将=>准将,no,「在这种状况下，\w我们出现了大量缺员，\w需要尽可能多的人手」,auto_fixed,
105,proper_noun_dense,??????,680,030_UAF_DAY93_01.egpack,030_UAF_DAY93_01.xml,030_UAF_DAY93_01,game_t00679,game_s00004,オールストン准将,「よって、\w本国からの指揮系統が回復するまでの間、\wリリア・シェルベリ少尉を本艦海兵隊に編入する」,リリア・シェルベリ=>莉莉娅·谢尔贝里; オールストン准将=>奥尔斯顿准将; リリア・シェル=>莉莉娅·谢尔; シェルベリ=>谢尔贝里; 本艦海兵隊=>本舰海军陆战队; リリア=>莉莉娅; 海兵隊=>海军陆战队; 少尉=>少尉; 本国=>本国; 准将=>准将,no,「因此，\w在本国指挥系统恢复之前，\w将莉莉娅·谢尔贝里少尉编入本舰海军陆战队」,auto_fixed,
106,proper_noun_dense,??????,681,030_UAF_DAY93_01.egpack,030_UAF_DAY93_01.xml,030_UAF_DAY93_01,game_t00680,game_s00004,オールストン准将,「この編入に対し異議がある場合、\w現状況終了後に文書で提出するように。何か問題はあるかね」,オールストン准将=>奥尔斯顿准将; 准将=>准将,no,「如果对本次编入有异议，请在\w当前状况结束后以书面形式提交。有什么问题吗？」,auto_fixed,
107,proper_noun_dense,??????,682,030_UAF_DAY93_01.egpack,030_UAF_DAY93_01.xml,030_UAF_DAY93_01,game_t00681,game_s00011,リリア,「は！　ありません！」,リリア=>莉莉娅,no,「是！　没有！」,auto_fixed,
108,proper_noun_dense,??????,683,030_UAF_DAY93_01.egpack,030_UAF_DAY93_01.xml,030_UAF_DAY93_01,game_t00682,game_s00005,ダリル,「合衆国正規戦術機母艦ジョン・Ｆ・ケネディへようこそ、\wリリア・シェルベリ少尉！」,ジョン・Ｆ・ケネディ=>约翰·F·肯尼迪; リリア・シェルベリ=>莉莉娅·谢尔贝里; リリア・シェル=>莉莉娅·谢尔; シェルベリ=>谢尔贝里; ケネディ=>肯尼迪; リリア=>莉莉娅; ダリル=>达里尔; 合衆国=>合众国; 少尉=>少尉; 母艦=>母舰,no,「欢迎来到合众国正规战术机母舰约翰·F·肯尼迪，\w莉莉娅·谢尔贝里少尉！」,ok,
109,proper_noun_dense,??????,684,030_UAF_DAY93_01.egpack,030_UAF_DAY93_01.xml,030_UAF_DAY93_01,game_t00683,game_s00005,ダリル,「ＪＦＫ乗組員一同、\w貴様を歓迎する！」,ＪＦＫ=>JFK; ダリル=>达里尔,no,「JFK全体官兵，\w欢迎你！」,auto_fixed,
110,proper_noun_dense,??????,685,030_UAF_DAY93_01.egpack,030_UAF_DAY93_01.xml,030_UAF_DAY93_01,game_t00684,game_s00011,リリア,「――は！　リリア・シェルベリ少尉、\w只今を以て着任致します！」,リリア・シェルベリ=>莉莉娅·谢尔贝里; リリア・シェル=>莉莉娅·谢尔; シェルベリ=>谢尔贝里; リリア=>莉莉娅; 少尉=>少尉,no,「――是！　莉莉娅·谢尔贝里少尉，\w即刻起正式到任！」,auto_fixed,
111,proper_noun_dense,??????,686,030_UAF_DAY93_01.egpack,030_UAF_DAY93_01.xml,030_UAF_DAY93_01,game_t00685,game_s00004,オールストン准将,「さて、\w詳細は後ほどマクマナス中尉から説明があるが、\w本艦と同盟各国の艦船、\w乗員が置かれている状況に触れておく」,オールストン准将=>奥尔斯顿准将; マクマナス中尉=>麦克马纳斯中尉; マクマナス=>麦克马纳斯; 中尉=>中尉; 准将=>准将,no,「那么，\w详细情况稍后由麦克马纳斯中尉说明，\w我先谈谈本舰、同盟各国舰船，\w以及乘员所处的状况」,auto_fixed,
112,proper_noun_dense,??????,687,030_UAF_DAY93_01.egpack,030_UAF_DAY93_01.xml,030_UAF_DAY93_01,game_t00686,game_s00004,オールストン准将,「シェルベリ少尉は第２６海兵戦術機甲群だったな。確か、\w在フィリピンの部隊と記憶しているが」,オールストン准将=>奥尔斯顿准将; シェルベリ=>谢尔贝里; フィリピン=>菲律宾; 少尉=>少尉; 部隊=>部队; 准将=>准将,no,「谢尔贝里少尉是第26海军陆战队战术机甲群的吧。我记得，\w是在菲律宾的部队」,auto_fixed,
113,proper_noun_dense,??????,688,030_UAF_DAY93_01.egpack,030_UAF_DAY93_01.xml,030_UAF_DAY93_01,game_t00687,game_s00011,リリア,「はい、\wその通りです」,リリア=>莉莉娅,no,「是，\w正是如此」,auto_fixed,
114,proper_noun_dense,??????,689,030_UAF_DAY93_01.egpack,030_UAF_DAY93_01.xml,030_UAF_DAY93_01,game_t00688,game_s00004,オールストン准将,「ならば、\w第三次作戦用の上陸部隊で間違いはないな？」,オールストン准将=>奥尔斯顿准将; 第三次作戦=>第三次作战; 上陸部隊=>登陆部队; 部隊=>部队; 准将=>准将,no,「那么，\w用于第三次作战的登陆部队，没错吧？」,auto_fixed,
115,proper_noun_dense,??????,690,030_UAF_DAY93_01.egpack,030_UAF_DAY93_01.xml,030_UAF_DAY93_01,game_t00689,game_s00011,リリア,「は」,リリア=>莉莉娅,no,「是。」,auto_fixed,
116,proper_noun_dense,??????,691,030_UAF_DAY93_01.egpack,030_UAF_DAY93_01.xml,030_UAF_DAY93_01,game_t00690,game_s00004,オールストン准将,「よろしい。ならば、\wバビロン作戦について特に説明の必要はないものとして進める」,オールストン准将=>奥尔斯顿准将; バビロン作戦=>巴比伦作战; バビロン=>巴比伦; 准将=>准将,no,「很好。\w那么，关于巴比伦作战，就当作没有特别说明的必要而继续推进。」,auto_fixed,
117,proper_noun_dense,??????,692,030_UAF_DAY93_01.egpack,030_UAF_DAY93_01.xml,030_UAF_DAY93_01,game_t00691,game_s00004,オールストン准将,「本艦…\w…\wＣＶＮ－６７『ジョン・Ｆ・ケネディ』は、\w僚艦の『ニミッツ』と共に母艦打撃群を編成し、\w鉄原ハイヴ攻略部隊として日本海に展開していた」,ジョン・Ｆ・ケネディ=>约翰·F·肯尼迪; オールストン准将=>奥尔斯顿准将; ＣＶＮ－６７=>CVN-67; ケネディ=>肯尼迪; ニミッツ=>尼米兹; 攻略部隊=>攻略部队; ハイヴ=>HIVE; 部隊=>部队; 准将=>准将; 母艦=>母舰,no,「本舰…\w…\w CVN-67『约翰·F·肯尼迪』号，\w与僚舰『尼米兹』共同编成母舰打击群，\w作为铁原HIVE攻略部队部署于日本海」,auto_fixed,
118,proper_noun_dense,??????,693,030_UAF_DAY93_01.egpack,030_UAF_DAY93_01.xml,030_UAF_DAY93_01,game_t00692,game_s00004,オールストン准将,「ブルーオーシャン作戦発動後、\w国連軍ヨコハマ基地に寄港して物資と人員を積載」,ブルーオーシャン作戦=>蓝海作战; ブルーオーシャン=>蓝海; オールストン准将=>奥尔斯顿准将; ヨコハマ=>横滨; 国連軍=>联合国军; 准将=>准将; 国連=>联合国; 基地=>基地; 物資=>物资,no,「蓝海作战发动后，\w停靠联合国军横滨基地，装载物资和人员」,auto_fixed,
119,proper_noun_dense,??????,694,030_UAF_DAY93_01.egpack,030_UAF_DAY93_01.xml,030_UAF_DAY93_01,game_t00693,game_s00004,オールストン准将,「フリゲート艦『ヴァンデグリフト』とハワイを目指したが、\wウェーク島北北東で大海崩に伴う超規模津波に遭遇。直衛艦を失った」,オールストン准将=>奥尔斯顿准将; ハワイ=>夏威夷; 大海崩=>大海崩; 准将=>准将,no,「与护卫舰『范德格里夫特』一同前往夏威夷，但在\w威克岛东北偏北海域遭遇大海崩引发的超大规模海啸，失去了直接护卫舰。」,auto_fixed,
120,proper_noun_dense,??????,695,030_UAF_DAY93_01.egpack,030_UAF_DAY93_01.xml,030_UAF_DAY93_01,game_t00694,game_s00004,オールストン准将,「人員・装備の被害状況のほとんどは、\wこのブルーオーシャン作戦の大津波の際に生じた」,ブルーオーシャン作戦=>蓝海作战; ブルーオーシャン=>蓝海; オールストン准将=>奥尔斯顿准将; 准将=>准将,no,「人员和装备的损失，\w大多是在这次蓝海作战的大海啸中造成的。」,auto_fixed,
121,proper_noun_dense,??????,696,030_UAF_DAY93_01.egpack,030_UAF_DAY93_01.xml,030_UAF_DAY93_01,game_t00695,game_s00004,オールストン准将,「本日時点での本艦乗員数は２１９２名。これは、\w作業可能な軽傷者を含む」,オールストン准将=>奥尔斯顿准将; 准将=>准将,no,「截至今日，本舰乘员数为2192名。这个数字\w包含可作业的轻伤者」,auto_fixed,
122,proper_noun_dense,??????,697,030_UAF_DAY93_01.egpack,030_UAF_DAY93_01.xml,030_UAF_DAY93_01,game_t00696,game_s00004,オールストン准将,「死傷者は約１０００名近い。特に、\w艦橋構造物と格納庫内で作業を行っていた兵員に被害が集中している」,オールストン准将=>奥尔斯顿准将; 准将=>准将,no,「死伤者近1000名。尤其是\w在舰桥结构和格纳库内作业的兵员受害集中。」,auto_fixed,
123,proper_noun_dense,??????,698,030_UAF_DAY93_01.egpack,030_UAF_DAY93_01.xml,030_UAF_DAY93_01,game_t00697,game_s00011,リリア,「…\w…\w…\w…\w！」,リリア=>莉莉娅,no,「…\w…\w…\w…\w！」,auto_fixed,
124,proper_noun_dense,??????,699,030_UAF_DAY93_01.egpack,030_UAF_DAY93_01.xml,030_UAF_DAY93_01,game_t00698,,,母艦経験のないリリアが驚くのも無理もない…\w…\w。,リリア=>莉莉娅; 母艦=>母舰,no,没有母舰经验的莉莉娅会惊讶也不奇怪…\w…\w。,auto_fixed,
125,proper_noun_dense,??????,700,030_UAF_DAY93_01.egpack,030_UAF_DAY93_01.xml,030_UAF_DAY93_01,game_t00699,,,戦術機母艦の人員は、\w元々の母数がでかい。通常の艦に比べ、\w未だ回復に至らない重傷者や死者の数も桁違いになる。,母艦=>母舰,no,战术机母舰的人员，\w原本基数就很大。和普通舰艇相比，\w尚未恢复的重伤者和死者数量也会差一个量级。,auto_fixed,
126,proper_noun_dense,??????,701,030_UAF_DAY93_01.egpack,030_UAF_DAY93_01.xml,030_UAF_DAY93_01,game_t00700,,,俺だって、\w未だに数字を聞くだけで胃が締め付けられるからな…\w…\w。,,no,就连我，\w现在光是听到数字也会胃里发紧…\w…\w。,auto_fixed,
127,proper_noun_dense,??????,702,030_UAF_DAY93_01.egpack,030_UAF_DAY93_01.xml,030_UAF_DAY93_01,game_t00701,game_s00004,オールストン准将,「艦橋構造物の被害は大津波による艦の動揺が原因である」,オールストン准将=>奥尔斯顿准将; 准将=>准将,no,「舰桥结构受损，是大海啸导致舰体摇晃所致」,auto_fixed,
128,proper_noun_dense,??????,703,030_UAF_DAY93_01.egpack,030_UAF_DAY93_01.xml,030_UAF_DAY93_01,game_t00702,game_s00004,オールストン准将,「更に格納庫内においては、\w想定以上の動揺で繋留を外れた機体が格納庫内を数度に渡って激突」,オールストン准将=>奥尔斯顿准将; 准将=>准将,no,「此外，在格纳库内，\w因超出预想的摇晃，脱离系留的机体在格纳库内数次猛烈相撞」,auto_fixed,
129,proper_noun_dense,??????,704,030_UAF_DAY93_01.egpack,030_UAF_DAY93_01.xml,030_UAF_DAY93_01,game_t00703,game_s00004,オールストン准将,「その際、\w多数の兵員が巻き込まれ、\wまたシャッターの損傷後、\w艦内に侵入した海水によって艦外にさらわれた者も少なくない」,オールストン准将=>奥尔斯顿准将; 准将=>准将,no,「当时，\w多数士兵被卷入其中，\w另在闸门受损后，\w因侵入舰内的海水而被冲出舰外者亦不在少数。」,auto_fixed,
130,proper_noun_dense,??????,705,030_UAF_DAY93_01.egpack,030_UAF_DAY93_01.xml,030_UAF_DAY93_01,game_t00704,game_s00004,オールストン准将,「後ほど触れるが、\w現在集結している友軍の状況も似たようなものだ」,オールストン准将=>奥尔斯顿准将; 准将=>准将; 友軍=>友军,no,「稍后还会提到，\w目前集结的友军状况也差不多」,auto_fixed,
131,proper_noun_dense,??????,706,030_UAF_DAY93_01.egpack,030_UAF_DAY93_01.xml,030_UAF_DAY93_01,game_t00705,game_s00005,ダリル,「…\w…\w…\w…\w」,ダリル=>达里尔,no,「…\w…\w…\w…\w」,auto_fixed,
132,proper_noun_dense,??????,707,030_UAF_DAY93_01.egpack,030_UAF_DAY93_01.xml,030_UAF_DAY93_01,game_t00706,game_s00001,ウィル,「…\w…\w…\w…\w」,ウィル=>威尔,no,「…\w…\w…\w…\w」,auto_fixed,
133,proper_noun_dense,??????,708,030_UAF_DAY93_01.egpack,030_UAF_DAY93_01.xml,030_UAF_DAY93_01,game_t00707,game_s00004,オールストン准将,「…\w…\w以後、\w数度の大津波と海図データの急激な変化によって艦の位置を喪失。急速な潮位の変動に対応し切れず、\wこの地に座礁してしまった」,オールストン准将=>奥尔斯顿准将; 准将=>准将,no,「…\w…\w此后，\w数次大海啸和海图数据急剧变化使本舰失去定位。未能应对急速潮位变化，\w最终在此地搁浅」,auto_fixed,
134,proper_noun_dense,??????,709,030_UAF_DAY93_01.egpack,030_UAF_DAY93_01.xml,030_UAF_DAY93_01,game_t00708,game_s00004,オールストン准将,「現在我々は、\w太平洋中央部――ハワイの南西約２２００キロの位置に座礁している」,オールストン准将=>奥尔斯顿准将; ハワイ=>夏威夷; 太平洋=>太平洋; 准将=>准将,no,「目前我们\w搁浅于太平洋中部――夏威夷西南约2200公里的位置」,auto_fixed,
135,proper_noun_dense,??????,710,030_UAF_DAY93_01.egpack,030_UAF_DAY93_01.xml,030_UAF_DAY93_01,game_t00709,game_s00004,オールストン准将,「以来２ヶ月、\w艦の復旧作業を試みたがいずれも失敗」,オールストン准将=>奥尔斯顿准将; 准将=>准将,no,「此后两个月，\w我们尝试修复本舰，但均以失败告终」,auto_fixed,
136,proper_noun_dense,??????,711,030_UAF_DAY93_01.egpack,030_UAF_DAY93_01.xml,030_UAF_DAY93_01,game_t00710,game_s00004,オールストン准将,「ブルーオーシャン作戦発動時より発生していた長距離通信障害も回復しておらず、\w現在、\w我々は孤立した状況にある」,ブルーオーシャン作戦=>蓝海作战; ブルーオーシャン=>蓝海; オールストン准将=>奥尔斯顿准将; 准将=>准将,no,「蓝海作战发动时起发生的长距离通信障碍也尚未恢复，\w目前，\w我们处于孤立状态」,auto_fixed,
137,proper_noun_dense,??????,712,030_UAF_DAY93_01.egpack,030_UAF_DAY93_01.xml,030_UAF_DAY93_01,game_t00711,game_s00004,オールストン准将,「…\w…\wここまでのところは、\w貴官が遭遇した事態の推移と、\w大きな差異はないものと思う」,オールストン准将=>奥尔斯顿准将; 准将=>准将,no,「…\w…\w到这里为止，\w我认为与贵官遭遇的事态演变，\w没有太大差异」,auto_fixed,
138,proper_noun_dense,??????,713,030_UAF_DAY93_01.egpack,030_UAF_DAY93_01.xml,030_UAF_DAY93_01,game_t00712,game_s00011,リリア,「は。ございません」,リリア=>莉莉娅,no,「是。没有」,auto_fixed,
139,proper_noun_dense,??????,714,030_UAF_DAY93_01.egpack,030_UAF_DAY93_01.xml,030_UAF_DAY93_01,game_t00713,,,大海崩自体は全ての海洋で同時に起きたと推測されてるからな。,大海崩=>大海崩,no,大海崩本身被推测是在所有海洋同时发生的。,auto_fixed,
140,proper_noun_dense,??????,715,030_UAF_DAY93_01.egpack,030_UAF_DAY93_01.xml,030_UAF_DAY93_01,game_t00714,,,戦術機母艦と補給艦という大きな違いこそあれ、\w俺らとリリアの乗り越えてきたもの自体は似たようなものだ。,リリア=>莉莉娅; 母艦=>母舰,no,虽然战术机母舰和补给舰之间有着巨大的差异，\w但我们与莉莉娅所跨越的困难本质上是相似的。,auto_fixed,
141,proper_noun_dense,??????,716,030_UAF_DAY93_01.egpack,030_UAF_DAY93_01.xml,030_UAF_DAY93_01,game_t00715,game_s00004,オールストン准将,「我々はこの地をケネディ海軍駐留拠点と命名。現在、\w生き残った艦載機を中心に哨戒を行い、\w同様に漂流を続ける友軍の救難、\w集結に着手している」,オールストン准将=>奥尔斯顿准将; 海軍駐留拠点=>海军驻留据点; ケネディ=>肯尼迪; 海軍=>海军; 准将=>准将; 友軍=>友军,no,「我们将此地命名为肯尼迪海军驻留据点。现在，\w以幸存下来的舰载机为主进行巡逻，\w同时展开对仍在漂流中的友军的营救，\w并着手集结。」,auto_fixed,
142,proper_noun_dense,??????,717,030_UAF_DAY93_01.egpack,030_UAF_DAY93_01.xml,030_UAF_DAY93_01,game_t00716,game_s00011,リリア,「…\w…\w…\w…\w」,リリア=>莉莉娅,no,「…\w…\w…\w…\w」,auto_fixed,
143,proper_noun_dense,??????,718,030_UAF_DAY93_01.egpack,030_UAF_DAY93_01.xml,030_UAF_DAY93_01,game_t00717,game_s00004,オールストン准将,「現時点において、\w合衆国海軍艦船３隻が当拠点への集結に成功、\w懸かる状況に鑑み、\w我が母艦打撃群の指揮下に編入している」,オールストン准将=>奥尔斯顿准将; 状況に鑑み=>鉴于情况; 合衆国=>合众国; 海軍=>海军; 准将=>准将; 母艦=>母舰,no,「截至目前，\w合众国海军舰船3艘已成功集结至本据点，\w鉴于当前情况，\w编入我母舰打击群指挥之下」,auto_fixed,
144,proper_noun_dense,??????,719,030_UAF_DAY93_01.egpack,030_UAF_DAY93_01.xml,030_UAF_DAY93_01,game_t00718,game_s00004,オールストン准将,「加えて、\wオーストラリア海軍駆逐艦、\wＨＭＡＳ『シドニー』を発見」,オールストン准将=>奥尔斯顿准将; オーストラリア=>澳大利亚; シドニー=>悉尼; 海軍=>海军; 准将=>准将,no,「此外，\w发现澳大利亚海军驱逐舰，\w HMAS『悉尼』」,auto_fixed,
145,proper_noun_dense,??????,720,030_UAF_DAY93_01.egpack,030_UAF_DAY93_01.xml,030_UAF_DAY93_01,game_t00719,game_s00004,オールストン准将,「シドニー側指揮官と協議の結果、\w一時的に多国籍軍を編成、\w彼らもまた我々の指揮下に入る事になった」,オールストン准将=>奥尔斯顿准将; シドニー=>悉尼; 准将=>准将,no,「与悉尼方面指挥官协商后，\w临时编成多国部队，\w他们也将纳入我方指挥。」,auto_fixed,
146,proper_noun_dense,??????,721,030_UAF_DAY93_01.egpack,030_UAF_DAY93_01.xml,030_UAF_DAY93_01,game_t00720,game_s00004,オールストン准将,「これはすなわち、\w現在オーストラリア軍司令部及び本国もまた、\w消息が不明、\wということでもある」,オールストン准将=>奥尔斯顿准将; オーストラリア=>澳大利亚; 司令部=>司令部; 本国=>本国; 准将=>准将,no,「也就是说，\w现在澳大利亚军司令部和本国也都\w处于消息不明的状态。」,auto_fixed,
147,proper_noun_dense,??????,722,030_UAF_DAY93_01.egpack,030_UAF_DAY93_01.xml,030_UAF_DAY93_01,game_t00721,game_s00011,リリア,「…\w…\w…\w…\w」,リリア=>莉莉娅,no,「…\w…\w…\w…\w」,auto_fixed,
148,proper_noun_dense,??????,723,030_UAF_DAY93_01.egpack,030_UAF_DAY93_01.xml,030_UAF_DAY93_01,game_t00722,game_s00004,オールストン准将,「また本国及び国連司令部との連絡回復を目的とし、\w４艦の中でも最も損害が少なく、\w最新鋭艦でもあるズムウォルト級駆逐艦 『キング』を連絡艦に任命」,オールストン准将=>奥尔斯顿准将; ズムウォルト=>朱姆沃尔特; 司令部=>司令部; キング=>国王号; 本国=>本国; 准将=>准将; 国連=>联合国,no,「此外，为恢复与本国及联合国司令部的联络，\w任命4舰中受损最轻，\w同时也是最新锐舰的朱姆沃尔特级驱逐舰『国王号』为联络舰」,auto_fixed,
149,proper_noun_dense,??????,724,030_UAF_DAY93_01.egpack,030_UAF_DAY93_01.xml,030_UAF_DAY93_01,game_t00723,game_s00004,オールストン准将,「他艦に残存する燃料を集約し、\w先月１５日、\wブルーオーシャン作戦における集結予定地であるハワイ方面へと送り出した」,ブルーオーシャン作戦=>蓝海作战; ブルーオーシャン=>蓝海; オールストン准将=>奥尔斯顿准将; 集結予定地=>预定集结地点; ハワイ=>夏威夷; 准将=>准将; 先月=>上个月,no,「汇集其他舰艇残存燃料，\w于上个月15日，\w将其派往蓝海作战的预定集结地点，即夏威夷方向」,auto_fixed,
150,proper_noun_dense,??????,725,030_UAF_DAY93_01.egpack,030_UAF_DAY93_01.xml,030_UAF_DAY93_01,game_t00724,game_s00004,オールストン准将,「以後、\w未だキングからの連絡は無い」,オールストン准将=>奥尔斯顿准将; キング=>国王号; 准将=>准将,no,「此后，\w仍未收到国王号的联络」,auto_fixed,
151,speaker_ruby_system,speaker/ruby/????,1497,040_UAF_DAY94_01.egpack,040_UAF_DAY94_01.xml,040_UAF_DAY94_01,game_t01496,game_s00001,ウィル,「…\w…\w…\w…\w」,ウィル=>威尔,no,「…\w…\w…\w…\w」,auto_fixed,
152,speaker_ruby_system,speaker/ruby/????,1498,040_UAF_DAY94_01.egpack,040_UAF_DAY94_01.xml,040_UAF_DAY94_01,game_t01497,game_s00011,リリア,「輸送任務、\wよね」,輸送任務=>运输任务; リリア=>莉莉娅,yes,「运输任务，\w对吧」,auto_fixed,
153,speaker_ruby_system,speaker/ruby/????,1499,040_UAF_DAY94_01.egpack,040_UAF_DAY94_01.xml,040_UAF_DAY94_01,game_t01498,game_s00001,ウィル,「…\w…\w…\w…\w」,ウィル=>威尔,no,「…\w…\w…\w…\w」,auto_fixed,
154,speaker_ruby_system,speaker/ruby/????,1500,040_UAF_DAY94_01.egpack,040_UAF_DAY94_01.xml,040_UAF_DAY94_01,game_t01499,game_s00011,リリア,「どうあっても日本帝国から持ち出したかったモノか、\wデータか…\w…\w」,日本帝国=>日本帝国; リリア=>莉莉娅,yes,「无论如何都想从日本帝国带出来的东西，\w或者数据…\w…\w」,auto_fixed,
155,speaker_ruby_system,speaker/ruby/????,1501,040_UAF_DAY94_01.egpack,040_UAF_DAY94_01.xml,040_UAF_DAY94_01,game_t01500,game_s00001,ウィル,「…\w…\wその辺にしとけよ」,ウィル=>威尔,no,「…\w…\w说到这就行了」,auto_fixed,
156,speaker_ruby_system,speaker/ruby/????,1502,040_UAF_DAY94_01.egpack,040_UAF_DAY94_01.xml,040_UAF_DAY94_01,game_t01501,game_s00011,リリア,「それが捜索任務よりもどれだけ重要っていうわけ？」,リリア=>莉莉娅,no,「那到底比搜索任务重要多少？」,auto_fixed,
157,speaker_ruby_system,speaker/ruby/????,1503,040_UAF_DAY94_01.egpack,040_UAF_DAY94_01.xml,040_UAF_DAY94_01,game_t01502,game_s00001,ウィル,「…\w…\wリリア」,リリア=>莉莉娅; ウィル=>威尔,no,「…\w…\w莉莉娅」,auto_fixed,
158,speaker_ruby_system,speaker/ruby/????,1504,040_UAF_DAY94_01.egpack,040_UAF_DAY94_01.xml,040_UAF_DAY94_01,game_t01503,,,…\w…\wなるほどな、\wそこで繋がってくるわけか。でもな…\w…\w,,no,…\w…\w原来如此，\w是这样连起来的啊。可是…\w…\w,auto_fixed,
159,speaker_ruby_system,speaker/ruby/????,1505,040_UAF_DAY94_01.egpack,040_UAF_DAY94_01.xml,040_UAF_DAY94_01,game_t01504,game_s00011,リリア,「ＢＥＴＡはいない、\w何処かに行けるわけでもない、\wこの状況下で捜索と救助以外にどんな任務があるっていうわけ！？」,ＢＥＴＡ=>BETA; リリア=>莉莉娅,no,「没有BETA，\w也不是能去哪里，\w这种状况下除了搜索和救助还能有什么任务！？」,auto_fixed,
160,speaker_ruby_system,speaker/ruby/????,1506,040_UAF_DAY94_01.egpack,040_UAF_DAY94_01.xml,040_UAF_DAY94_01,game_t01505,game_s00001,ウィル,「――リリア・シェルベリ少尉！」,リリア・シェルベリ=>莉莉娅·谢尔贝里; リリア・シェル=>莉莉娅·谢尔; シェルベリ=>谢尔贝里; リリア=>莉莉娅; ウィル=>威尔; 少尉=>少尉,no,「――莉莉娅·谢尔贝里少尉！」,auto_fixed,
161,speaker_ruby_system,speaker/ruby/????,1507,040_UAF_DAY94_01.egpack,040_UAF_DAY94_01.xml,040_UAF_DAY94_01,game_t01506,game_s00011,リリア,「…\w…\wッ！」,リリア=>莉莉娅,no,「…\w…\w！」,auto_fixed,
162,speaker_ruby_system,speaker/ruby/????,1508,040_UAF_DAY94_01.egpack,040_UAF_DAY94_01.xml,040_UAF_DAY94_01,game_t01507,game_s00001,ウィル,「同じ海兵隊員だろ？　黙ってるんだから察しろよ！　言えないんだよ！」,海兵隊員=>海军陆战队员; ウィル=>威尔; 海兵隊=>海军陆战队,no,「同样是海军陆战队员吧？我不说，你就该明白啊！没法说出口啊！」,auto_fixed,
163,speaker_ruby_system,speaker/ruby/????,1509,040_UAF_DAY94_01.egpack,040_UAF_DAY94_01.xml,040_UAF_DAY94_01,game_t01508,game_s00011,リリア,「どうしてよ！？　それこそ同じ海兵隊同士、\w同じ隊に配属されたのよ！？」,海兵隊同士=>海军陆战队同僚; リリア=>莉莉娅; 海兵隊=>海军陆战队,no,「为什么啊！？正因同样是海军陆战队同僚，\w才被分配到同一支部队的啊！？」,auto_fixed,
164,speaker_ruby_system,speaker/ruby/????,1510,040_UAF_DAY94_01.egpack,040_UAF_DAY94_01.xml,040_UAF_DAY94_01,game_t01509,game_s00001,ウィル,「いいか…\w…\w今から言うことがどうしても信じられないなら隊長に聞け」,ウィル=>威尔; 隊長=>队长,no,「听好了…\w…\w如果你无论如何都不相信我接下来要说的话，就去问队长」,auto_fixed,
165,speaker_ruby_system,speaker/ruby/????,1511,040_UAF_DAY94_01.egpack,040_UAF_DAY94_01.xml,040_UAF_DAY94_01,game_t01510,,,クソッ…\w…\wこれはこれでさっきとは話が別だ。,クソ=>该死,no,该死…\w…\w这个是这个，跟刚才那事是两码事。,ok,粗口强度需实机语气确认
166,speaker_ruby_system,speaker/ruby/????,1512,040_UAF_DAY94_01.egpack,040_UAF_DAY94_01.xml,040_UAF_DAY94_01,game_t01511,,,リリアのさっきの提案はムカつくが…\w…\wかと言って、\wこの話はこいつのそういう提案とは何の関係もない。,リリア=>莉莉娅,no,莉莉娅刚才的提议让人火大…\w…\w但话说回来，\w这件事和她那种提议没有任何关系。,auto_fixed,
167,speaker_ruby_system,speaker/ruby/????,1513,040_UAF_DAY94_01.egpack,040_UAF_DAY94_01.xml,040_UAF_DAY94_01,game_t01512,,,本当ならこんなタイミングで話をして…\w…\w関係をややこしくはしたくない。,,no,本来我不想在这种时机谈…\w…\w不想把关系弄复杂。,auto_fixed,
168,speaker_ruby_system,speaker/ruby/????,1514,040_UAF_DAY94_01.egpack,040_UAF_DAY94_01.xml,040_UAF_DAY94_01,game_t01513,game_s00001,ウィル,「でもな、\w多分隊長も俺と同じ答えしか返せない。俺はこんなことで隊の結束を崩したくない」,多分隊長=>大概是队长; ウィル=>威尔; 隊長=>队长,no,「可是啊，\w大概队长也只能给出和我相同的回答。我不想因为这种事破坏队伍的团结。」,auto_fixed,
169,speaker_ruby_system,speaker/ruby/????,1515,040_UAF_DAY94_01.egpack,040_UAF_DAY94_01.xml,040_UAF_DAY94_01,game_t01514,,,でもこの状況だ…\w…\w話さざるを得ない…\w…\w。,,no,可在这种状况下…\w…\w不得不说…\w…\w。,auto_fixed,
170,speaker_ruby_system,speaker/ruby/????,1516,040_UAF_DAY94_01.egpack,040_UAF_DAY94_01.xml,040_UAF_DAY94_01,game_t01515,game_s00001,ウィル,「せめて…\w…\w俺とおまえの間に留めてくれ」,ウィル=>威尔,no,「至少…\w…\w只留在你我之间」,auto_fixed,
171,speaker_ruby_system,speaker/ruby/????,1517,040_UAF_DAY94_01.egpack,040_UAF_DAY94_01.xml,040_UAF_DAY94_01,game_t01516,,,まったく、\w悩みを簡単に増やしてくれやがって…\w…\w。,,no,真是的，\w你可真会轻易增加我的烦恼…\w…\w。,auto_fixed,
172,speaker_ruby_system,speaker/ruby/????,1518,040_UAF_DAY94_01.egpack,040_UAF_DAY94_01.xml,040_UAF_DAY94_01,game_t01517,game_s00011,リリア,「…\w…\w分かったから言いなさいよ」,リリア=>莉莉娅,no,「…\w…\w我知道了，你说吧」,auto_fixed,
173,speaker_ruby_system,speaker/ruby/????,1519,040_UAF_DAY94_01.egpack,040_UAF_DAY94_01.xml,040_UAF_DAY94_01,game_t01518,,,…\w…\w正直、\w気が重い。淡々と説明するか。,,no,…\w…\w老实说，\w心情很沉重。还是淡淡说明吧。,auto_fixed,
174,speaker_ruby_system,speaker/ruby/????,1520,040_UAF_DAY94_01.egpack,040_UAF_DAY94_01.xml,040_UAF_DAY94_01,game_t01519,game_s00001,ウィル,「少尉は海軍の捜索任務協力の一環として隊に編入された。本来の命令が少尉に及ぶ、\wという確認は取れていない」,ウィル=>威尔; 少尉=>少尉; 海軍=>海军,no,「少尉是作为协助海军搜索任务的一环被编入队里的。我们还没有确认\w原本的命令是否适用于少尉」,auto_fixed,
175,speaker_ruby_system,speaker/ruby/????,1521,040_UAF_DAY94_01.egpack,040_UAF_DAY94_01.xml,040_UAF_DAY94_01,game_t01520,game_s00011,リリア,「…\w…\wどういう意味よ」,リリア=>莉莉娅,no,「…\w…\w什么意思」,auto_fixed,
176,speaker_ruby_system,speaker/ruby/????,1522,040_UAF_DAY94_01.egpack,040_UAF_DAY94_01.xml,040_UAF_DAY94_01,game_t01521,game_s00001,ウィル,「…\w…\w少尉の機密開示証明が俺たちには確認出来ない。隊長にも、\w多分艦長にもだ」,機密開示証明=>安全许可; ウィル=>威尔; 隊長=>队长; 少尉=>少尉; 艦長=>舰长,yes,「…\w…\w我们无法确认少尉的安全许可。队长不行，\w恐怕舰长也不行」,auto_fixed,
177,speaker_ruby_system,speaker/ruby/????,1523,040_UAF_DAY94_01.egpack,040_UAF_DAY94_01.xml,040_UAF_DAY94_01,game_t01522,game_s00011,リリア,「…\w…\w…\w…\w！」,リリア=>莉莉娅,no,「…\w…\w…\w…\w！」,auto_fixed,
178,speaker_ruby_system,speaker/ruby/????,1524,040_UAF_DAY94_01.egpack,040_UAF_DAY94_01.xml,040_UAF_DAY94_01,game_t01523,,,機密開示証明。,機密開示証明=>安全许可,yes,安全许可。,auto_fixed,
179,speaker_ruby_system,speaker/ruby/????,1525,040_UAF_DAY94_01.egpack,040_UAF_DAY94_01.xml,040_UAF_DAY94_01,game_t01524,,,米軍、\wいや米国政府全体で定められている機密情報へのアクセス資格だ。,米国=>美国; 米軍=>美军,no,这是美军，\w不，是美国政府整体规定的机密信息访问资格。,auto_fixed,
180,speaker_ruby_system,speaker/ruby/????,1526,040_UAF_DAY94_01.egpack,040_UAF_DAY94_01.xml,040_UAF_DAY94_01,game_t01525,,,これが確認できない限り、\w今回の『警護任務』の話をすることはできない。,,no,只要无法确认这一点，\w就不能谈这次『警护任务』。,auto_fixed,
181,speaker_ruby_system,speaker/ruby/????,1527,040_UAF_DAY94_01.egpack,040_UAF_DAY94_01.xml,040_UAF_DAY94_01,game_t01526,,,…\w…\w本来、\w海兵隊の衛士って時点で一定レベルの資格はクリアしてるんだが、\wリリアの場合――,リリア=>莉莉娅; 海兵隊=>海军陆战队,no,…\w…\w本来，\w既然是海军陆战队的卫士，就已经通过了一定等级的资格，\w但莉莉娅的情况――,auto_fixed,
182,speaker_ruby_system,speaker/ruby/????,1528,040_UAF_DAY94_01.egpack,040_UAF_DAY94_01.xml,040_UAF_DAY94_01,game_t01527,game_s00001,ウィル,「この状況じゃ本国の兵員データベースにアクセスできない、\w強化装備にその手の情報は入ってない。そして…\w…\w」,データベース=>数据库; ウィル=>威尔; 本国=>本国,no,「在这种情况下，无法访问本国的兵员数据库，\w强化装备里没有那类信息。而且…\w…\w」,auto_fixed,
183,speaker_ruby_system,speaker/ruby/????,1529,040_UAF_DAY94_01.egpack,040_UAF_DAY94_01.xml,040_UAF_DAY94_01,game_t01528,game_s00011,リリア,「…\w…\w…\w…\w」,リリア=>莉莉娅,no,「…\w…\w…\w…\w」,auto_fixed,
184,speaker_ruby_system,speaker/ruby/????,1530,040_UAF_DAY94_01.egpack,040_UAF_DAY94_01.xml,040_UAF_DAY94_01,game_t01529,game_s00001,ウィル,「少尉は、\w仮国籍保有者の可能性が、\wある…\w…\w」,ウィル=>威尔; 少尉=>少尉,no,「少尉有可能是\w临时国籍持有者，\w有这个可能…\w…\w」,auto_fixed,
185,speaker_ruby_system,speaker/ruby/????,1531,040_UAF_DAY94_01.egpack,040_UAF_DAY94_01.xml,040_UAF_DAY94_01,game_t01530,,,例外は、\w国籍取得予定者の資格で海兵隊衛士になってる奴だ。…\w…\wリリアのように。,リリア=>莉莉娅; 海兵隊=>海军陆战队,no,例外是，\w以预定取得国籍者资格成为海军陆战队卫士的人。…\w…\w就像莉莉娅。,auto_fixed,
186,speaker_ruby_system,speaker/ruby/????,1532,040_UAF_DAY94_01.egpack,040_UAF_DAY94_01.xml,040_UAF_DAY94_01,game_t01531,game_s00011,リリア,「…\w…\w気づいてたのね」,リリア=>莉莉娅,no,「…\w…\w你注意到了啊」,auto_fixed,
187,speaker_ruby_system,speaker/ruby/????,1533,040_UAF_DAY94_01.egpack,040_UAF_DAY94_01.xml,040_UAF_DAY94_01,game_t01532,game_s00001,ウィル,「勘違いするなよ。俺自身はどうこう思っちゃいないし、\w本来隠すことですらない。正純米国主義なんて興味も無い」,正純米国主義=>纯正美国主义; ウィル=>威尔; 米国=>美国,yes,「别误会。我自己并不是有什么看法，\w这本来也不是需要隐瞒的事。我对纯正美国主义之类也没兴趣」,auto_fixed,
188,speaker_ruby_system,speaker/ruby/????,1534,040_UAF_DAY94_01.egpack,040_UAF_DAY94_01.xml,040_UAF_DAY94_01,game_t01533,game_s00011,リリア,「…\w…\wあら。ありがとう、\wって言うべきかしら」,リリア=>莉莉娅,no,「…\w…\w哎呀。我是不是该说声谢谢，\w呢」,auto_fixed,
189,speaker_ruby_system,speaker/ruby/????,1535,040_UAF_DAY94_01.egpack,040_UAF_DAY94_01.xml,040_UAF_DAY94_01,game_t01534,game_s00001,ウィル,「…\w…\wやめてくれよ、\wそれを言ったらメルだって難民２世だ」,ウィル=>威尔,no,「…\w…\w别这么说啊，\w要这么讲，梅尔也是第二代难民」,auto_fixed,
190,speaker_ruby_system,speaker/ruby/????,1536,040_UAF_DAY94_01.egpack,040_UAF_DAY94_01.xml,040_UAF_DAY94_01,game_t01535,,,…\w…\wこれだから、\wこの話をするのは嫌だったんだ。,,no,…\w…\w所以，\w我才讨厌谈这件事。,auto_fixed,
191,speaker_ruby_system,speaker/ruby/????,1537,040_UAF_DAY94_01.egpack,040_UAF_DAY94_01.xml,040_UAF_DAY94_01,game_t01536,,,俺の側にその気がなくても、\w相手がリリアみたいな難民の出で、\w俺が代々の米国市民ってだけで、\w全ての台詞が上から目線の嫌味になっちまう。,リリア=>莉莉娅; 米国=>美国,no,即使我没有那个意思，\w对方是像莉莉娅那样的难民出身，\w仅因为我是世代的美国公民，\w所有的话都变成了居高临下的挖苦。,ok,
192,speaker_ruby_system,speaker/ruby/????,1538,040_UAF_DAY94_01.egpack,040_UAF_DAY94_01.xml,040_UAF_DAY94_01,game_t01537,game_s00011,リリア,「…\w…\w…\w…\w」,リリア=>莉莉娅,no,「…\w…\w…\w…\w」,auto_fixed,
193,speaker_ruby_system,speaker/ruby/????,1539,040_UAF_DAY94_01.egpack,040_UAF_DAY94_01.xml,040_UAF_DAY94_01,game_t01538,game_s00001,ウィル,「俺は海兵隊員で、\wリリアも海兵隊員。我ら海兵隊、\wそれ以外の何者でもない」,海兵隊員=>海军陆战队员; リリア=>莉莉娅; ウィル=>威尔; 海兵隊=>海军陆战队,no,「我是海军陆战队员，\w莉莉娅也是海军陆战队员。我们是海军陆战队，\w除此之外什么都不是」,auto_fixed,
194,speaker_ruby_system,speaker/ruby/????,1540,040_UAF_DAY94_01.egpack,040_UAF_DAY94_01.xml,040_UAF_DAY94_01,game_t01539,,,頼む…\w…\w海兵隊員なら、\wこの論法で収まるはずだ…\w…\w。,海兵隊員=>海军陆战队员; 海兵隊=>海军陆战队,no,拜托…\w…\w海军陆战队员的话，\w这个逻辑应该能说得通…\w…\w。,ok,
195,speaker_ruby_system,speaker/ruby/????,1541,040_UAF_DAY94_01.egpack,040_UAF_DAY94_01.xml,040_UAF_DAY94_01,game_t01540,,,それに、\wこれは俺の心底本当の気持ちでもある…\w…\w。,,no,而且，\w这也是我发自内心的真实想法…\w…\w。,auto_fixed,
196,speaker_ruby_system,speaker/ruby/????,1542,040_UAF_DAY94_01.egpack,040_UAF_DAY94_01.xml,040_UAF_DAY94_01,game_t01541,game_s00011,リリア,「…\w…\wごめんなさい、\wそこは素直に謝るわ」,リリア=>莉莉娅,no,「…\w…\w对不起，\w这一点我会坦率道歉」,auto_fixed,
197,speaker_ruby_system,speaker/ruby/????,1543,040_UAF_DAY94_01.egpack,040_UAF_DAY94_01.xml,040_UAF_DAY94_01,game_t01542,game_s00001,ウィル,「…\w…\w助かる」,ウィル=>威尔,no,「…\w…\w帮大忙了」,auto_fixed,
198,speaker_ruby_system,speaker/ruby/????,1544,040_UAF_DAY94_01.egpack,040_UAF_DAY94_01.xml,040_UAF_DAY94_01,game_t01543,,,ふう…\w…\w。,,no,呼…\w…\w。,auto_fixed,
199,speaker_ruby_system,speaker/ruby/????,1545,040_UAF_DAY94_01.egpack,040_UAF_DAY94_01.xml,040_UAF_DAY94_01,game_t01544,,,しかし…\w…\w何でこんな事になっちまったんだ…\w…\w？,,no,可是…\w…\w为什么会变成这样…\w…\w？,auto_fixed,
200,speaker_ruby_system,speaker/ruby/????,1546,040_UAF_DAY94_01.egpack,040_UAF_DAY94_01.xml,040_UAF_DAY94_01,game_t01545,game_s00011,リリア,「…\w…\w…\w…\w」,リリア=>莉莉娅,no,「…\w…\w…\w…\w」,auto_fixed,
