id,egpack,speaker,jp,before_cn,after_cn,reason
game_t00000,010_UAFプロローグ.egpack,,「移民船団指揮艦『マルドゥーク』のＧＳ機関起動を確認。全移民船団は重力勾配航法に入りました」,「移民船团指挥舰‘马尔杜克’的GS机关启动确认。全移民船团已进入重力梯度航法。」,「已确认移民船团指挥舰‘马尔杜克’的GS机关启动。全移民船团已进入重力梯度航法。」,中文自然度/日式直译修正
game_t00053,020_UAF_DAY91_01.egpack,,「――更新確認。こちらも異常なしだ」,「——更新确认。这边也没有异常。」,「——确认更新。这边也没有异常。」,中文自然度/日式直译修正
game_t00165,020_UAF_DAY91_01.egpack,,「音声が不明瞭ですが、\wそちらの座標は確認しています。現在接近中、\w引き続きこのチャネルで続けてください」,「声音不清晰，但已确认你的坐标。正在接近中，请继续使用此频道。」,「声音不清楚，但已确认你的坐标。我们正在接近，请继续保持这个频道。」,中文自然度/日式直译修正
game_t00174,020_UAF_DAY91_01.egpack,,「隊長、\w対象は繰り返し名乗りを入れて来ています。こっちの声も聞こえてるはずなんですが…\w…\w」,「队长，对象在不断报上名号。应该也能听到我们的声音……」,「队长，对方在不断报上姓名。应该也能听到我们的声音……」,中文自然度/日式直译修正
game_t00202,020_UAF_DAY91_01.egpack,,「――隊長、\w対象船外にて目標本人を直接確認――」,「——队长，在目标船外直接确认目标本人——」,「——队长，已在目标船外直接确认本人——」,中文自然度/日式直译修正
game_t00204,020_UAF_DAY91_01.egpack,,「また目視で船外に生存者１名を確認した。これより保護する」,「又目视确认船外有一名幸存者。现在开始保护。」,「又目视确认船外有一名幸存者。现在实施保护。」,中文自然度/日式直译修正
game_t00254,020_UAF_DAY91_01.egpack,,「船は海軍の『シアトル』で脱出してたんですが…\w…\w機関部をやられて漂流してたんです」,「我们是搭海军的『西雅图』号撤出来的……可是机舱受损后一直漂流。」,「我们是搭海军的『西雅图』号撤出来的……可是动力舱受损后一直漂流。」,中文自然度/日式直译修正
game_t00307,020_UAF_DAY91_01.egpack,,「若干の衰弱はあるがバイタルに問題なし。戦術機にて搬送可能。データ転送する」,「有若干衰弱但生命体征无问题。可用战术机搬运。进行数据传输」,「有轻度衰弱但生命体征无问题。可用战术机搬运。传输数据」,中文自然度/日式直译修正
game_t00308,020_UAF_DAY91_01.egpack,,「――ソルティ・ベース了解、\w医療チームにデータを回しておく。詳細は帰投後に報告せよ」,「——索尔蒂基地收到，医疗团队的数据已转交。详细情况待返航后报告。」,「——索尔蒂基地收到，会把数据转给医疗团队。详细情况返航后报告。」,中文自然度/日式直译修正
game_t00555,020_UAF_DAY91_01.egpack,,起こすのもかわいそうだ。,叫醒他也挺可怜的。,叫醒她也挺可怜的。,中文自然度/日式直译修正
game_t01169,040_UAF_DAY94_01.egpack,,一応どころか、\w俺らの任務はメル無しでは成立しなかったぐらいだけどな。ま、\wあまり調子に乗せないほうがいい。,别说姑且了，我们的任务没有梅尔根本无法成立。不过，还是别让他太得意为好。,别说姑且了，我们的任务没有梅尔根本无法成立。不过，还是别让她太得意为好。,中文自然度/日式直译修正
game_t01216,040_UAF_DAY94_01.egpack,,「…\w…\w少なくとも海兵隊の衛士は、\w米国籍か『国籍取得予定者』限定だよ」,「……至少海军陆战队的卫士，限定美国国籍或‘预定取得国籍者’哦」,「……至少海军陆战队的卫士，只限美国国籍或‘预定入籍者’哦」,中文自然度/日式直译修正
game_t01229,040_UAF_DAY94_01.egpack,,技術教育を与え、\w西洋風の名前をつけてまで、\wメルに豪州国籍を取らせたかったご両親の気持ち。,接受技术教育，甚至取了西式名字，父母就是想让梅尔取得澳洲国籍。,父母甚至给她技术教育、取西式名字，就是想让梅尔拿到澳洲国籍。,中文自然度/日式直译修正
game_t01232,040_UAF_DAY94_01.egpack,,合衆国憲法――その国籍取得条項の『解釈』を変える最高裁判決が次々に出た時、\wほとんどの米国人がそれを支持してた。,合众国宪法——改变其国籍取得条款的“解释”的最高法院判决接连出现时，大多数美国人都支持它。,合众国宪法——改变其入籍条款“解释”的最高法院判决接连出现时，大多数美国人都支持它。,中文自然度/日式直译修正
game_t01399,040_UAF_DAY94_01.egpack,,それに隊長も、\wＪＦＫの台所事情は承知のはずなのになんで続けさせるんだ？,而且队长也是，明明知道JFK的财政状况，为什么还要继续让他干下去？,而且队长也是，明明知道JFK的财政状况，为什么还要让她继续下去？,中文自然度/日式直译修正
game_t01442,040_UAF_DAY94_01.egpack,,…\w…\wいやダリル隊長のことだ、\w最初から一回こうして吐き出させてから止めようとしてたのかもしれない。,……不，是说达里尔队长，也许从一开始就想先让他这样吐出来再阻止。,……不，是说达里尔队长，也许从一开始就想先让她这样吐出来再阻止。,中文自然度/日式直译修正
game_t01474,040_UAF_DAY94_01.egpack,,…\w…\w馬鹿馬鹿しい。,……愚蠢至极。,……太荒唐了。,中文自然度/日式直译修正
game_t01529,040_UAF_DAY94_01.egpack,,「少尉は、\w仮国籍保有者の可能性が、\wある…\w…\w」,「少尉有可能是假国籍持有者……」,「少尉有可能是临时国籍持有者……」,语义修正：仮国籍=临时国籍，不是假国籍
game_t01530,040_UAF_DAY94_01.egpack,,例外は、\w国籍取得予定者の資格で海兵隊衛士になってる奴だ。…\w…\wリリアのように。,例外是，以预定取得国籍者的资格成为海军陆战队卫士的家伙。……像莉莉娅那样。,例外是，以预定入籍者的资格成为海军陆战队卫士的家伙。……像莉莉娅那样。,中文自然度/日式直译修正
game_t01774,050_UAF_DAY95_01.egpack,,「――お願いウィル。相手の出力が弱ってるのかもしれない。高度を取れば光学スキャンだって出来る」,「――拜托了威尔。对方的输出可能减弱了。如果取得高度，连光学扫描也能做到」,「――拜托了威尔。对方的输出可能减弱了。只要升高高度，连光学扫描也能做到」,中文自然度/日式直译修正
game_t01775,050_UAF_DAY95_01.egpack,,…\w…\w確かに、\w高度を取った戦術機がほんの少し進出するだけで、\w通信可能距離は確実に広がる。,……确实，只要取得高度的战术机稍微前进一点，通信可能距离就确实会扩大。,……确实，只要战术机升高高度后稍微前进一点，通信距离就一定会扩大。,中文自然度/日式直译修正
game_t01903,050_UAF_DAY95_01.egpack,,それでも…\w…\w。こいつにとっては仲間なんだよな。,即便如此……对他来说，这家伙也是同伴啊。,即便如此……对她来说，他们也是同伴啊。,中文自然度/日式直译修正
game_t01952,050_UAF_DAY95_01.egpack,,「でも…\w…\w助けられなかったのは事実だ」,「但是……没能救到他是事实」,「但是……没能救下来是事实」,中文自然度/日式直译修正
game_t02480,060_UAF_DAY96_01.egpack,,「艦内の――ある意味で、\w弛緩した雰囲気に対する私の八つ当たりでした」,「这是我对舰内——某种意义上松懈下来的氛围迁怒了」,「我是在迁怒于舰内——某种意义上松懈下来的氛围。」,中文自然度/日式直译修正
game_t02481,060_UAF_DAY96_01.egpack,,弛緩…\w…\w俺たちがどんな気持ちでこの艦を回してきたかも知らないで…\w…\w。,松弛……不知道我们是以怎样的心情来操控这艘舰的……,松懈……你根本不知道我们是以怎样的心情维持这艘舰的……。,中文自然度/日式直译修正
game_t02483,060_UAF_DAY96_01.egpack,,「ほう、\w弛緩とは大きく出たね」,「哦，松弛这种话也说得出口啊」,「哦，松懈这种话也说得出口啊」,中文自然度/日式直译修正
game_t02672,060_UAF_DAY96_01.egpack,,「それでも俺は…\w…\wあいつを死なせられない…\w…\w」,「即便如此，我也……不能让他死……」,「即便如此，我也……不能让她死……」,中文自然度/日式直译修正
game_t02677,060_UAF_DAY96_01.egpack,,あいつを死なせたくない？,不想让他死吗？,不想让她死吗？,中文自然度/日式直译修正
game_t03153,090_UAF_DAY99_01.egpack,,「…\w…\wですが隊長。水平線越えということは弾着観測も満足にできないんじゃないでしょうか」,「……但是队长。越过水平线的话，弹着观测也不能满意地进行吧」,「……但是队长。越过水平线的话，弹着观测也没法好好进行吧」,中文自然度/日式直译修正
game_t03180,090_UAF_DAY99_01.egpack,,「光線属種の存在が確認された場合、\w第二波は再度ＡＬ弾攻撃。敵迎撃による重金属雲展開後、\w戦術機部隊は約１５キロ進出して光線属種の掃討にかかる」,「确认存在激光属种的情况下，第二波再次进行AL弹攻击。敌方迎击展开重金属云后，战术机部队推进约15公里，开始扫荡激光属种。」,「如果确认存在激光属种，第二波再次进行AL弹攻击。敌方迎击展开重金属云后，战术机部队推进约15公里，开始扫荡激光属种。」,中文自然度/日式直译修正
game_t03253,090_UAF_DAY99_01.egpack,,「敵前衛、\w距離８０キロ地点到達確認」,「敌前卫，距离80公里地点到达确认」,「敌前卫已到达距离80公里地点」,中文自然度/日式直译修正
game_t03267,090_UAF_DAY99_01.egpack,,「よろしい！　光線属種は存在しないものと判断する。――モード・オート・スペシャル！　ありったけの誘導弾を叩き込め！」,「好！判断为不存在激光属种。――自动特殊模式！把所有的诱导弹都打进去！」,「好！判定不存在激光属种。――自动特殊模式！把所有的诱导弹都打进去！」,中文自然度/日式直译修正
game_t03269,090_UAF_DAY99_01.egpack,,「――ＨＱより全戦術機部隊。敵集団に光線属種の存在は認められず。繰り返す、\w敵集団に光線属種は存在しない」,「——HQ呼叫全战术机部队。敌集团中未确认到激光属种的存在。重复，敌集团中不存在激光属种」,「——HQ呼叫全战术机部队。敌群中未确认到激光属种。重复，敌群中不存在激光属种」,中文自然度/日式直译修正
game_t03302,090_UAF_DAY99_01.egpack,,「全弾着弾！　被撃墜率０％。やはり光線属種の存在は認められず！」,「全弹命中！被击坠率0%。果然未确认到激光属种！」,「全弹命中！被击落率0%。果然未确认到激光属种！」,中文自然度/日式直译修正
game_t03346,090_UAF_DAY99_01.egpack,,「格納庫装備班長より報告、\w戦術機用兵装の甲板展開は順調に推移中。推進剤増槽の搬出も開始」,「格纳库装备班长报告，战术机用兵装的甲板展开顺利进行中。推进剂增槽的搬出也已开始」,「机库装备班长报告，战术机兵装正在顺利部署到甲板。推进剂增槽也已开始搬出」,中文自然度/日式直译修正
game_t03405,090_UAF_DAY99_02.egpack,,「この位置での戦線維持は不可能と判断する。母艦に戻って戦線を再構築すべきだ！」,「判断在此位置无法维持战线。应该返回母舰重新构建战线！」,「判定此位置无法维持战线。应该返回母舰重新构建战线！」,中文自然度/日式直译修正
game_t03418,090_UAF_DAY99_02.egpack,,「バスター１了解。作戦は即時開始する」,「破坏者1了解。作战即时开始」,「破坏者1了解。作战立即开始」,中文自然度/日式直译修正
game_t03420,090_UAF_DAY99_02.egpack,,「Ｂ小隊から撤収だ！　続いてＣ小隊、\wＡ小隊！」,「B小队，撤退！接着C小队、A小队！」,「从B小队开始撤退！接着C小队、A小队！」,中文自然度/日式直译修正
game_t03421,090_UAF_DAY99_02.egpack,,「殿は海兵隊が引き受けた！　安心して母艦で補給しな！」,「殿下由海军陆战队接手了！放心在母舰上补给吧！」,「断后由海军陆战队接下了！放心回母舰补给吧！」,误译修正：殿=断后，不是殿下
game_t03422,090_UAF_DAY99_02.egpack,,最後衛任務…\w…\w。,最后卫任务……,断后任务……。,中文自然度/日式直译修正
game_t03456,090_UAF_DAY99_02.egpack,,「突撃級の一群が防衛ラインを突破！　本艦に向けて接近中！」,「突击级的一群突破了防线！正在向本舰接近中！」,「一群突击级突破防线！正向本舰接近！」,中文自然度/日式直译修正
game_t03471,090_UAF_DAY99_02.egpack,,「被害状況確認！」,「确认受害情况！」,「确认受损情况！」,中文自然度/日式直译修正
game_t03508,090_UAF_DAY99_03.egpack,,「馬鹿な…\w…\w！　なぜ要塞級の接近に気づかなかった…\w…\w！」,「愚蠢……！　为什么没有察觉到要塞级的接近……！」,「不可能……！　为什么没有察觉到要塞级接近……！」,中文自然度/日式直译修正
game_t03512,090_UAF_DAY99_03.egpack,,「馬鹿な…\w…\wあれは、\wシドニー…\w…\w？」,「愚蠢……那是……悉尼……？」,「不可能……那是……悉尼……？」,中文自然度/日式直译修正
game_t03558,090_UAF_DAY99_03.egpack,,「突撃級４、\w本艦に向け接近！」,「突击级4艘，正在接近本舰！」,「突击级4只，正在接近本舰！」,中文自然度/日式直译修正
game_t03561,090_UAF_DAY99_03.egpack,,「――損傷確認！」,「——损伤确认！」,「——确认损伤！」,中文自然度/日式直译修正
game_t03567,090_UAF_DAY99_03.egpack,,「馬鹿な…\w…\w何故だ、\w原子炉の放熱は奴らにとっても致命傷のはずだ…\w…\w！」,「愚蠢……为什么，反应堆的散热对他们来说也应该是致命的……！」,「不可能……为什么，反应堆散热对它们来说也应该是致命的……！」,中文自然度/日式直译修正
game_t03585,090_UAF_DAY99_03.egpack,,「貴様の機体に保護対象７２を転送した。このデータを持って脱出だ！　新規増槽を装着、\wカタパルトで射出しな！」,「你的机体已转移保护对象72。带着这些数据撤离！安装新副油箱，用弹射器射出！」,「已将保护对象72传输到你的机体。带着这份数据撤离！安装新副油箱，用弹射器弹射出去！」,中文自然度/日式直译修正
game_t03598,090_UAF_DAY99_03.egpack,,こいつは強い奴だ。,这家伙是个强敌。,她很坚强。,语义修正：強い奴=坚强的人，不是强敌
game_t03599,090_UAF_DAY99_03.egpack,,生き残らせなきゃいけない奴なんだ。,必须让他活下去。,必须让她活下去。,代词修正：语境指莉莉娅
game_t03600,090_UAF_DAY99_03.egpack,,俺が、\w誰よりも死なせたくない奴なんだ。,我是比任何人都更不想让他死的人。,我比任何人都更不想让她死。,代词修正：语境指莉莉娅
game_t03612,090_UAF_DAY99_03.egpack,,「この場所の死守は、\w俺たちだけが受けた命令だ。リリアの機密開示証明は未だ確認されていない」,「死守这个地方，是我们接到的唯一命令。莉莉娅的安全许可尚未确认」,「死守这里，是只有我们接到的命令。莉莉娅的安全许可尚未确认」,中文自然度/日式直译修正
game_t03627,090_UAF_DAY99_03.egpack,,「受け継ぐんじゃなかったのか！　誰かが生きてこそ、\w生き延びてこそ、\w語り継げるんじゃなかったのか！」,「不是应该继承下去吗！有人活着，幸存下来，才能传述下去不是吗！」,「不是应该继承下去吗！有人活着，幸存下来，才能传颂下去不是吗！」,中文自然度/日式直译修正
game_t03629,090_UAF_DAY99_03.egpack,,「おまえならいける…\w…\wおまえなら生き延びる…\w…\wおまえなら、\w俺たちを語り継げる！」,「是你的话就能行……是你的话就能活下去……是你的话，就能将我们传颂下去！」,「你一定能行……你一定能活下去……你一定能把我们传颂下去！」,中文自然度/日式直译修正
game_t03636,090_UAF_DAY99_03.egpack,,「そのパッケージが俺らの結晶なら、\wその名前も全てそこに入ってるはずなんだ！」,「如果那个包是我们的结晶，名字也应该全在里面！」,「如果那个数据包是我们的结晶，名字也应该全在里面！」,中文自然度/日式直译修正
game_t00231,020_UAF_DAY91_01.egpack,,「軽く発熱してる、\wか。けどこの程度なら感染症の心配はなさそうだね」,「有点发烧呢。不过这种程度的话，看来不用担心是感染症啊」,「有点发烧呢。不过这种程度的话，看来不用担心感染病。」,第二轮中文自然度/日式直译修正
game_t00540,020_UAF_DAY91_01.egpack,,「コントロール、\w保護対象搭乗機はナイヴス２だ、\w先に着艦させる」,「管制，保护对象搭乘机是黑刃2，先让其着舰」,「管制，保护对象所在机是黑刃2，让其先着舰」,第二轮中文自然度/日式直译修正
game_t00695,030_UAF_DAY93_01.egpack,,「本日時点での本艦乗員数は２１９２名。これは、\w作業可能な軽傷者を含む」,「本日时点本舰乘员数为2192名。这包括可作业的轻伤者。」,「截至今天，本舰乘员数为2192名。这包括可作业的轻伤者。」,第二轮中文自然度/日式直译修正
game_t00727,030_UAF_DAY93_01.egpack,,「一部人員については当母艦にも収容、\w現在に至る――という訳だ」,「部分人员由本母舰收容，直到现在——就是这么回事」,「部分人员由本舰收容，直到现在——就是这么回事」,第二轮中文自然度/日式直译修正
game_t00825,030_UAF_DAY93_01.egpack,,「最低限整備用の発動機を回したり、\w荒天時に備えて若干の駆動ができるだけでね。給油艦でも拾えない限り、\w海に出る事はできないのさ」,「只能转动最低限度维护用的发动机，以及在恶劣天气时进行一些驱动。除非能遇到补给舰，否则无法出海。」,「只能启动最低限度维护用的发动机，以及在恶劣天气时做一点机动。除非能遇到补给舰，否则无法出海。」,第二轮中文自然度/日式直译修正
game_t00887,030_UAF_DAY93_01.egpack,,「ああ。元々戦術機に限らず、\w船でも何でも近場との通信は普通に直接無線でやってたからね」,「啊啊。原本不仅限于战术机，船也好什么都好，与附近的通信通常都是直接通过无线电进行的。」,「啊啊。原本不仅限于战术机，船也好什么都好，和附近通信通常都是直接用无线电。」,第二轮中文自然度/日式直译修正
game_t00912,030_UAF_DAY93_01.egpack,,「今後の任務については明日、\w実機での着座調整と合わせて説明するものとする」,「关于今后的任务，明天将在实机上进行座位调整时一并说明。」,「关于今后的任务，明天会结合实机座椅调整一并说明。」,第二轮中文自然度/日式直译修正
game_t01199,040_UAF_DAY94_01.egpack,,…\w…\w既に調子どころではありませんでした…\w…\w。,……已经不是得意忘形这种程度了……。,……已经不是得意忘形的问题了……。,第二轮中文自然度/日式直译修正
game_t01228,040_UAF_DAY94_01.egpack,,『使える』難民とそれ以外に対する、\wあからさまな選別――,对“能用”的难民和其他人进行露骨筛选——,把“能用”的难民和其他人露骨地区分开来——,第二轮中文自然度/日式直译修正
game_t01279,040_UAF_DAY94_01.egpack,,「中尉、\w念のため伺いますが、\w規定慣熟プログラムの実行による誤差修正は許可されるのでしょうか」,「中尉，为慎重起见请问，通过执行规定熟悉程序进行误差修正是被允许的吗」,「中尉，为慎重起见请问，是否允许执行规定熟悉程序来修正误差？」,第二轮中文自然度/日式直译修正
game_t01287,040_UAF_DAY94_01.egpack,,後方で慣熟する方が明らかに安全で効率もいい…\w…\wってのは、\w所詮ヤンキー・ステーション上がりの発想なんだろうか？,后方进行熟练训练明显更安全、效率也更高……这种想法，终究只是扬基站出身的人才会有的吗？,在后方做熟悉训练明显更安全、效率也更高……这种想法，终究只是扬基站出身的人才会有的吗？,第二轮中文自然度/日式直译修正
game_t01369,040_UAF_DAY94_01.egpack,,「当面は任務の内容と推進剤効率に鑑み、\w２機分隊での運用を継続する」,「当前鉴于任务内容和推进剂效率，继续以2机分队进行运用」,「当前鉴于任务内容和推进剂效率，继续以2机分队运用」,第二轮中文自然度/日式直译修正
game_t01376,040_UAF_DAY94_01.egpack,,方針転換というほど何か他にできることでもあるんだろうか？,方针转换这种程度的事情，还有其他能做的吗？,说是方针转换，难道还有别的能做吗？,第二轮中文自然度/日式直译修正
game_t01410,040_UAF_DAY94_01.egpack,,「リリアの心情は理解できるけどね、\wアタシらに可能性を基にした広域捜索の余裕が無い事は最初に伝えたつもりだよ」,「莉莉娅的心情我能理解，但一开始我就说过，我们没有余力基于可能性进行广域搜索」,「莉莉娅的心情我能理解，但一开始我就说过，我们没有余力根据可能性展开广域搜索」,第二轮中文自然度/日式直译修正
game_t01411,040_UAF_DAY94_01.egpack,,「…\w…\w前回設置位置より更に前進した地点への設置、\w及び設置の際に任務を阻害しない範囲での捜索を願いたいんです」,「……希望能在比上次设置位置更靠前的地点进行设置，并且在设置时在不阻碍任务的范围内进行搜索」,「……希望能设置在比上次更靠前的地点，并且在设置时，在不阻碍任务的范围内搜索」,第二轮中文自然度/日式直译修正
game_t01430,040_UAF_DAY94_01.egpack,,「…\w…\w捜索活動は俺たちの本来の任務じゃない。あくまで空いた手を海軍に貸してるだけだ」,「……搜索活动不是我们的本来任务。只是空闲时帮海军一把而已。」,「……搜索活动不是我们原本的任务。只是空闲时帮海军一把而已。」,第二轮中文自然度/日式直译修正
game_t01570,050_UAF_DAY95_01.egpack,,というより、\wあれ以上何も会話をしなかったし、\wできなかった。,不如说，之后我们再也没有进行过任何对话，也无法进行对话。,不如说，之后我们再也没说过话，也说不出口。,第二轮中文自然度/日式直译修正
game_t01636,050_UAF_DAY95_01.egpack,,「この計画――『フライング・ブーム作戦』に\nおいては、\w周辺の捜索活動を行う予定は無い」,「在这个计划——『飞杆作战』中，不打算进行周边搜索活动」,「在这个计划——『飞杆作战』中，不打算搜索周边」,第二轮中文自然度/日式直译修正
game_t01642,050_UAF_DAY95_01.egpack,,「申し上げます！　捜索は行うべきです。我々は――」,「报告！应该进行搜索。我们——」,「报告！应该搜索。我们——」,第二轮中文自然度/日式直译修正
game_t01704,050_UAF_DAY95_01.egpack,,「今回はまだ物資の運搬は行わず、\wまずは前回と同じく中継機の設置を担当してもらう」,「这次还不进行物资搬运，首先和上次一样，请负责设置中继机」,「这次还不搬运物资，首先和上次一样，请负责设置中继机」,第二轮中文自然度/日式直译修正
game_t01714,050_UAF_DAY95_01.egpack,,ってリリアの奴、\w聞こえてないのか？,那家伙莉莉娅，没听到吗？,莉莉娅那家伙，没听到吗？,第二轮中文自然度/日式直译修正
game_t01755,050_UAF_DAY95_01.egpack,,本来こっちの方が当たり前の任務としてずっとやってきたのに、\w前回の件があるとどうしても期待してしまう。,本来这边才是理所当然的任务一直做下来的，但因为上次的事情，总是不由得期待起来。,明明这边原本才是一直以来理所当然的任务，可有了上次那件事，还是会忍不住期待。,第二轮中文自然度/日式直译修正
game_t01862,050_UAF_DAY95_01.egpack,,「――ソルティ・ベースよりナイヴス・リード、\wナイヴス両機による直接確認を許可する。繰り返す、\wナイヴス両機――」,「――索尔蒂基地允许黑刃长机及黑刃两机进行直接确认。重复，黑刃两机――」,「――索尔蒂基地允许黑刃长机及黑刃两机直接确认。重复，黑刃两机――」,第二轮中文自然度/日式直译修正
game_t01913,050_UAF_DAY95_01.egpack,,いつか次に回収できる時が来たとしても…\w…\wその頃には骨しか残ってないかもしれない。ゼロよりはマシだけど…\w…\w。,即使有一天能再来回收……到那时可能只剩骨头了。虽然总比什么都没有强……。,即使有一天能再来收殓……到那时可能只剩骨头了。虽然总比什么都没有强……。,第二轮中文自然度/日式直译修正
game_t01919,050_UAF_DAY95_01.egpack,,こいつらがこの世界に存在していたことを証明する、\w唯一の存在だ。,他们是证明这些家伙曾存在于这个世界的唯一存在。,这是证明这些家伙曾存在于这个世界的唯一证据。,第二轮中文自然度/日式直译修正
game_t02122,060_UAF_DAY96_01.egpack,,「合衆国の正規戦術機母艦１隻――俺たちが死んだら、\wこいつもまた塩にまみれて忘れられる」,「合众国的正规战术机母舰1艘——我们死了的话，这家伙也会被盐覆盖而被遗忘」,「合众国的正规战术机母舰1艘——我们死了的话，它也会被盐覆盖而被遗忘」,第二轮中文自然度/日式直译修正
game_t02859,080_UAF_DAY98_01.egpack,,「諸君らの、\wこれからも変わらぬ勇戦に、\w期待する」,「诸君，期待你们今后也不变的勇战」,「期待诸位今后也一如既往奋勇作战」,第二轮中文自然度/日式直译修正
game_t02977,090_UAF_DAY99_01.egpack,,「昨日のこと。ウチの艦でもね、\wどこかホッとしたって話ばっかだったよ。米軍を少しは見直した、\wともね」,「昨天的事。本舰上也是，大家都在说松了口气。还说对美军有点改观了」,「昨天的事。我们舰上也是，大家都在说松了口气。还说对美军有点改观了」,第二轮中文自然度/日式直译修正
game_t03018,090_UAF_DAY99_01.egpack,,「――今のところは問題ありませんが、\wフィルター関連は消耗品ですからね。リサイクルで使うにも限界があるんです」,「——目前虽然没问题，但过滤器相关的是消耗品。用于回收也有极限。」,「——目前虽然没问题，但过滤器之类都是消耗品。就算回收利用也有极限。」,第二轮中文自然度/日式直译修正
game_t03101,090_UAF_DAY99_01.egpack,,「そういうことだ。いずれかの人類勢力によって周辺偵察が行われた可能性が高い。ただし通信の中継は行っておらず、\w詳細は不明」,「就是这样。很可能有某个人类势力进行了周边侦察。不过没有进行通信中继，详细情况不明」,「就是这样。很可能有某个人类势力做过周边侦察。不过没有中继通信，详细情况不明」,第二轮中文自然度/日式直译修正
game_t03104,090_UAF_DAY99_01.egpack,,「喜ぶのは早いぞ？　この情報によって、\w現在旅団規模のＢＥＴＡ群が本艦周辺に向けて侵攻中であることが判明した」,「高兴得太早了？根据这一情报，目前旅团规模的BETA群正在向本舰周边入侵。」,「高兴得太早了？根据这一情报，目前旅团规模的BETA群正在向本舰周边推进。」,第二轮中文自然度/日式直译修正
game_t03108,090_UAF_DAY99_01.egpack,,「本艦までの到達時間は８０分以内と予想されている」,「本舰的到达时间预计在80分钟以内」,「预计将在80分钟内抵达本舰」,第二轮中文自然度/日式直译修正
game_t03148,090_UAF_DAY99_01.egpack,,「また戦術機部隊の展開に先立ち、\w『ゲティスバーグ』、\w『シドニー』が誘導弾で制圧攻撃をかける」,「另外，在战术机部队展开之前，‘葛底斯堡’、‘悉尼’将用诱导弹进行压制攻击」,「另外，在战术机部队展开之前，‘葛底斯堡’、‘悉尼’将用诱导弹实施压制攻击」,第二轮中文自然度/日式直译修正
game_t03167,090_UAF_DAY99_01.egpack,,というより音紋観測だなんて、\wあいつはＢＥＴＡ襲来の可能性を排除してなかったってことだよな…\w…\w。,不如说进行音纹观测，那家伙没有排除BETA来袭的可能性啊……,不如说特意做音纹观测，就说明那家伙没有排除BETA来袭的可能性啊……,第二轮中文自然度/日式直译修正
game_t03320,090_UAF_DAY99_01.egpack,,この数…\w…\w俺たちが大規模作戦を組むときの敵と変わらないじゃないか…\w…\w！,这个数量……和我们进行大规模作战时的敌人没什么区别……！,这个数量……和我们组织大规模作战时的敌人没什么区别……！,第二轮中文自然度/日式直译修正
game_t03394,090_UAF_DAY99_02.egpack,,「――突撃級７、\w防衛線を突破し接近中。本艦までの距離約１１０００！」,「——突击级7，突破防线接近中。距离本舰约11000！」,「——7只突击级突破防线接近中。距离本舰约11000！」,第二轮中文自然度/日式直译修正
game_t03495,090_UAF_DAY99_03.egpack,,「バスター７撃墜を確認。ブラウン少尉、\wオオシマ少尉をＫＩＡと認定」,「确认破坏者7被击坠。布朗少尉、大岛少尉认定为KIA。」,「确认破坏者7被击坠。布朗少尉、大岛少尉判定为KIA。」,第二轮中文自然度/日式直译修正
game_t03557,090_UAF_DAY99_03.egpack,,「バスター３撃墜を確認。ジーン・カミンスキー中尉、\wデニス・モンロー少尉をＫＩＡと認定」,「确认破坏者3被击坠。吉恩·卡明斯基中尉、丹尼斯·门罗少尉认定为KIA。」,「确认破坏者3被击坠。吉恩·卡明斯基中尉、丹尼斯·门罗少尉判定为KIA。」,第二轮中文自然度/日式直译修正
game_t00038,020_UAF_DAY91_01.egpack,,延々と続く海岸線、\w見渡す限りの塩の砂漠。人類の存在を示す代物が欠片も無い世界が広がっている。,延绵不绝的海岸线，一望无际的盐沙漠。展现人类存在痕迹的事物一丝也无的世界铺展开来。,延绵不绝的海岸线，一望无际的盐沙漠。眼前是一片没有半点人类存在痕迹的世界。,中文自然度修正：避免日式名词堆叠
game_t00053,020_UAF_DAY91_01.egpack,ダリル,「――更新確認。こちらも異常なしだ」,「——确认更新。这边也没有异常。」,「——更新已确认。这边也没有异常。」,中文自然度修正：军事确认句序更自然
game_t00060,020_UAF_DAY91_01.egpack,ダリル,「オージーとインドも複雑だしねえ…\w…\w。そう見られた方が彼女にとって得なんだろうよ」,「澳洲和印度也很复杂呢……被那样看待对她来说更有利吧。」,「澳洲和印度之间也很复杂呢……让别人这么看，对她来说反而有利吧。」,中文自然度修正：避免“被那样看待”的硬译
game_t00087,020_UAF_DAY91_01.egpack,ダリル,「まったく…\w…\w、\w合衆国の正規母艦様がこんなモノに頼らなきゃいけないとはねえ」,「真是的……，合众国的正规母舰大人居然不得不依赖这种东西啊」,「真是的……合众国的正规母舰大人居然不得不依赖这种东西啊」,标点自然度修正：去除省略号后的日式句号/逗号
game_t00101,020_UAF_DAY91_01.egpack,ウィル,「起動完了しました。広帯域モードで中継開始しま――」,「启动完毕。开始以宽带模式进行中继——」,「启动完毕。开始宽带模式中继——」,中文自然度修正：去掉“进行”硬译
game_t00115,020_UAF_DAY91_01.egpack,ダリル,「進出可能半径内につき、\wナイヴス両機による直接確認の許可を願う！」,「在可进入半径内，请求允许黑刃两机直接确认！」,「已在可行动半径内，请求允许黑刃两机直接确认！」,中文自然度修正：进出可能半径内改为可行动半径内
game_t00120,020_UAF_DAY91_01.egpack,ＪＦＫオペレーター,「――ソルティ・ベースよりナイヴス１、\wナイヴス両機による直接確認を許可する。生きていれば一ヶ月ぶりの朗報だ、\w頼むぞ！」,「――索尔蒂基地允许黑刃1、黑刃两机直接确认。如果还活着，就是一个月来的好消息了，拜托了！」,「——索尔蒂基地允许黑刃1、黑刃两机直接确认。要是人还活着，就是一个月来的好消息了，拜托了！」,中文自然度修正：明确生存者主语
game_t00195,020_UAF_DAY91_01.egpack,ダリル,「よし、\w一旦海上に出てから右旋回、\w一度フライパスして周囲を確認する。ジェット後流を当てんじゃないよ――距離１００で着地、\w主脚歩行接近」,「好，先出海再右转，飞越一次确认周围情况。别撞上喷气尾流——距离100着陆，主起落架步行接近。」,「好，先出海再右转，飞越一次确认周围情况。别让喷流冲到她——距离100着陆，主起落架步行接近。」,中文自然度修正：ジェット後流语义修正
game_t00199,020_UAF_DAY91_01.egpack,,この現場は渚みたいだから大丈夫だとは思うが…\w…\w。,这个现场看起来像海滩，所以我觉得没问题……。,这个现场看起来像海滩，所以我觉得没问题……,标点自然度修正：去除省略号后的日式句号/逗号
game_t00344,020_UAF_DAY91_01.egpack,,重く…\w…\wは無いが軽くも無い。命に別状は無くても、\w本当に消耗してるんだな…\w…\w。,算不上重……但也不轻。虽然性命无碍，但确实消耗很大啊……。,算不上重……但也不轻。虽然性命无碍，但确实消耗很大啊……,标点自然度修正：去除省略号后的日式句号/逗号
game_t00347,020_UAF_DAY91_01.egpack,,…\w…\w…\w…\w。,…………。,…………,标点自然度修正：去除省略号后的日式句号/逗号
game_t00349,020_UAF_DAY91_01.egpack,,ハーネス…\w…\wの前に自分が座らないとな…\w…\w。,安全带……在那之前，我自己得先坐进去……。,安全带……在那之前，我自己得先坐进去……,标点自然度修正：去除省略号后的日式句号/逗号
game_t00351,020_UAF_DAY91_01.egpack,,…\w…\w…\w…\w。,…………。,…………,标点自然度修正：去除省略号后的日式句号/逗号
game_t00423,020_UAF_DAY91_01.egpack,,…\w…\w…\w…\w。,…………。,…………,标点自然度修正：去除省略号后的日式句号/逗号
game_t00424,020_UAF_DAY91_01.egpack,,…\w…\w…\w…\w。,…………。,…………,标点自然度修正：去除省略号后的日式句号/逗号
game_t00427,020_UAF_DAY91_01.egpack,,…\w…\w…\w…\w。,…………。,…………,标点自然度修正：去除省略号后的日式句号/逗号
game_t00429,020_UAF_DAY91_01.egpack,,…\w…\w…\w…\w。,…………。,…………,标点自然度修正：去除省略号后的日式句号/逗号
game_t00431,020_UAF_DAY91_01.egpack,,…\w…\w…\w…\w。,…………。,…………,标点自然度修正：去除省略号后的日式句号/逗号
game_t00441,020_UAF_DAY91_01.egpack,,そうか、\wこいつ漂流してたんだよな。,是吗，这家伙在漂流啊。,对啊，她一直在漂流来着。,中文自然度修正：按上下文把こいつ自然化为她
game_t00461,020_UAF_DAY91_01.egpack,,…\w…\w…\w…\w。,…………。,…………,标点自然度修正：去除省略号后的日式句号/逗号
game_t00464,020_UAF_DAY91_01.egpack,,それはまだよく分かっていない。\nこの辺だって本来の海抜で言ったら\nマイナス１６０００フィートってとこなのに……。,这点还不太清楚。这一带按原本海拔来说，也该是负16000英尺左右……。,这点还不太清楚。这一带按原本海拔来说，也该是负16000英尺左右……,标点自然度修正：去除省略号后的日式句号/逗号
game_t00510,020_UAF_DAY91_01.egpack,,ひょっとして、\wこいつはかなり凄い奴なんじゃないか？,难道说，这家伙是个相当厉害的角色？,难道说，她其实是个相当厉害的角色？,中文自然度修正：按上下文把こいつ自然化为她
game_t00567,030_UAF_DAY93_01.egpack,,…\w…\wにしても…\w…\w。,……话说回来……。,……话说回来……,标点自然度修正：去除省略号后的日式句号/逗号
game_t00628,030_UAF_DAY93_01.egpack,,一応陸地はあり、\w物資にはまだまだ余裕があり、\w行動するための戦術機があり、\w何より原子炉の電力が水とかなりの自由を生んでくれる。,一应有陆地，物资还很有余裕，有行动用的战术机，最重要的是原子炉的电力带来了水和相当的自由。,好歹有陆地，物资还很充足，有可行动的战术机，最重要的是，反应堆的电力能带来水和相当大的自由度。,中文自然度修正：调整日式长句语序
game_t00742,030_UAF_DAY93_01.egpack,,来たな、\wビッグ・マムの流儀が。それ自体は俺も気楽でいいんだけどさ…\w…\w。,来了啊，Big Mom的作风。这本身我倒也觉得轻松，不过……。,来了啊，Big Mom的作风。这本身我倒也觉得轻松，不过……,标点自然度修正：去除省略号后的日式句号/逗号
game_t00835,030_UAF_DAY93_01.egpack,,乗務員の心理状況を考えればあながちマズい施策でもないとは思うんだが…\w…\w。,考虑到乘务员的心理状况，我觉得这也不失为一个不错的措施……,考虑到舰员的心理状况，我觉得这也不失为一个不错的措施……,中文自然度修正：乗務員按舰上语境改为舰员
game_t00841,030_UAF_DAY93_01.egpack,,苦境の理由その２、\wだ…\w…\w。,这就是苦境的第二个理由……。,这就是苦境的第二个理由……,标点自然度修正：去除省略号后的日式句号/逗号
game_t00859,030_UAF_DAY93_01.egpack,,天測航法…\w…\wって機関は死んでたんだから位置の確認だけだろうけど、\wすごい話だな。,天测航法……不过引擎已经停了，大概也只是确认位置吧，真是厉害啊。,天测航法……不过动力系统已经停了，大概也只是确认位置吧，真是厉害啊。,中文自然度修正：機関在舰船语境改为动力系统
game_t00873,030_UAF_DAY93_01.egpack,ダリル,「…\w…\w今ここに存在する艦艇のなかで、\w静止衛星との双方向通信能力を持つ艦はＪＦＫだけだ」,「……现在这里存在的舰艇中，拥有与静止卫星双向通信能力的舰只有JFK。」,「……目前在这里的舰艇中，拥有与静止卫星双向通信能力的只有JFK。」,中文自然度修正：避免“存在的舰艇”硬译
game_t00903,030_UAF_DAY93_01.egpack,ダリル,「正規母艦だろうと戦術機だろうと『コミュニケーション』を絶たれた存在が、\wいかに無力か…\w…\w。そのことを改めて思い知らされてるよ」,「无论是正规母舰还是战术机，被切断‘沟通’的存在是多么无力……我再次深刻体会到了这一点」,「无论是正规母舰还是战术机，一旦被切断‘沟通’，会变得多么无力……我再次深刻体会到了这一点」,中文自然度修正：避免“被切断沟通的存在”硬译
game_t00908,030_UAF_DAY93_01.egpack,ダリル,「…\w…\wだいぶ長くなっちまったね」,「……变得相当长了呢」,「……说得挺长了呢」,中文自然度修正：自然口语
game_t00956,040_UAF_DAY94_01.egpack,,こいつ、\w隊長の名前出すとおとなしくなるな。,这家伙，一提到队长的名字就老实了。,她一提到队长的名字就老实了。,中文自然度修正：按上下文把こいつ自然化为她
game_t01070,040_UAF_DAY94_01.egpack,,実際、\wダリル隊長の『いじり』も、\wこの異常な状況下で気をほぐすための配慮だったりするからな。,实际上，达里尔队长的‘捉弄’也是为了在这种异常情况下让大家放松心情的考虑。,实际上，达里尔队长的‘捉弄’，也是为了在这种异常情况下让大家放松心情。,中文自然度修正：去掉“考虑”硬译
game_t01089,040_UAF_DAY94_01.egpack,,…\w…\w…\w…\w。,…………。,…………,标点自然度修正：去除省略号后的日式句号/逗号
game_t01148,040_UAF_DAY94_01.egpack,,はあ…\w…\wリリアもすっかりメルの調子に取り込まれちまったな…\w…\w。,唉……莉莉娅也完全被梅尔带跑了呢……。,唉……莉莉娅也完全被梅尔带跑了呢……,标点自然度修正：去除省略号后的日式句号/逗号
game_t01199,040_UAF_DAY94_01.egpack,,…\w…\w既に調子どころではありませんでした…\w…\w。,……已经不是得意忘形的问题了……。,……已经不是得意忘形的问题了……,标点自然度修正：去除省略号后的日式句号/逗号
game_t01215,040_UAF_DAY94_01.egpack,,最初にこれを確認しとく辺りが、\wこう見えて結構面倒見のいいメルらしい配慮なんだよな。,一开始就先确认这一点，正是梅尔别看这样其实挺会照顾人的体贴之处。,一开始就先确认这点，也挺像梅尔的体贴。别看她那样，其实很会照顾人。,中文自然度修正：拆开日式长句
game_t01276,040_UAF_DAY94_01.egpack,,前の…\w…\wね。自分の僚機も他人に掛かっちゃノイズでしかないんだろうが…\w…\w。,前任……啊。自己的僚机，对别人来说也不过只是噪音吧……。,前任……啊。自己的僚机，对别人来说也不过只是噪音吧……,标点自然度修正：去除省略号后的日式句号/逗号
game_t01419,040_UAF_DAY94_01.egpack,リリア,「全体の設置戦略に反して無いのであれば考慮していただきたいんです！　お願いします！　捜索を――」,「如果与整体的设置战略没有冲突，希望您能考虑一下！拜托了！搜索——」,「如果与整体的布设战略没有冲突，希望您能考虑一下！拜托了！搜索——」,中文自然度修正：設置戦略按中继机布设语境处理
game_t01464,040_UAF_DAY94_01.egpack,,一体どうなってやがるんだ…\w…\w。,到底是怎么搞的……。,到底是怎么搞的……,标点自然度修正：去除省略号后的日式句号/逗号
game_t01478,040_UAF_DAY94_01.egpack,,こいつが見せている強情さから考えれば、\w納得する可能性は低いと思うんだがな…\w…\w。,从这家伙表现出的固执来看，我觉得他同意的可能性很低……,从她表现出的固执来看，我觉得她接受的可能性很低……,中文自然度修正：修正性别代词
game_t01587,050_UAF_DAY95_01.egpack,,…\w…\w…\w…\w。,…………。,…………,标点自然度修正：去除省略号后的日式句号/逗号
game_t01633,050_UAF_DAY95_01.egpack,リリア,「沿岸を進む場合、\w途上においても漂着者が存在する可能性は低くないものと思われます」,「沿岸前进时，我认为途中也很可能存在漂着者」,「沿岸前进时，我认为途中也很可能有漂流者」,中文自然度修正：避免“存在漂着者”硬译
game_t01688,050_UAF_DAY95_01.egpack,ウィル,「了解！　補給拠点構築に影響が無い限り、\wセンサー類の確認を厳にします！」,「了解！只要不影响补给据点的构建，就会严格确认传感器类！」,「了解！只要不影响补给据点的构建，就会严格检查各类传感器！」,中文自然度修正：确认传感器类改为检查各类传感器
game_t01713,050_UAF_DAY95_01.egpack,,…\w…\w…\w…\w。,…………。,…………,标点自然度修正：去除省略号后的日式句号/逗号
game_t01729,050_UAF_DAY95_01.egpack,,前回よりも結構距離は稼げたな…\w…\w。,比上次已经拉开了相当远的距离……。,比上次已经拉开了相当远的距离……,标点自然度修正：去除省略号后的日式句号/逗号
game_t01741,050_UAF_DAY95_01.egpack,,…\w…\w…\w…\w。,…………。,…………,标点自然度修正：去除省略号后的日式句号/逗号
game_t01765,050_UAF_DAY95_01.egpack,,…\w…\w…\w…\w。,…………。,…………,标点自然度修正：去除省略号后的日式句号/逗号
game_t01767,050_UAF_DAY95_01.egpack,リリア,「――少しの時間だけでいいの！　信号を拾えないか、\w高度を取って確認したいの」,「——只要一点点时间就好！能不能收到信号，我想升高确认一下」,「——只要一点点时间就好！我想升高高度，确认能不能收到信号」,中文自然度修正：调整语序
game_t01836,050_UAF_DAY95_01.egpack,,…\w…\w…\w…\w。,…………。,…………,标点自然度修正：去除省略号后的日式句号/逗号
game_t01838,050_UAF_DAY95_01.egpack,,…\w…\w…\w…\w。,…………。,…………,标点自然度修正：去除省略号后的日式句号/逗号
game_t01844,050_UAF_DAY95_01.egpack,リリア,「――転送したわ！　１１時方向に蛍光塗料の散布を確認！　救命艇よ！」,「——传送了！11点方向确认到荧光涂料的散布！是救生艇！」,「——传送了！11点方向发现荧光涂料散布痕迹！是救生艇！」,中文自然度修正：散布确认改为发现痕迹
game_t01852,050_UAF_DAY95_01.egpack,ウィル,「――ナイヴス２よりソルティ・ベース！　光学にて座礁した救命艇を発見、\w救難信号の発信は確認できず！」,「――黑刃2呼叫索尔蒂基地！光学发现搁浅的救生艇，未确认到求救信号的发送！」,「――黑刃2呼叫索尔蒂基地！光学发现搁浅的救生艇，未确认有求救信号发出！」,中文自然度修正：发送确认改为信号发出
game_t01878,050_UAF_DAY95_01.egpack,,…\w…\w…\w…\w。,…………。,…………,标点自然度修正：去除省略号后的日式句号/逗号
game_t01901,050_UAF_DAY95_01.egpack,,…\w…\w…\w…\w。,…………。,…………,标点自然度修正：去除省略号后的日式句号/逗号
game_t01905,050_UAF_DAY95_01.egpack,,…\w…\w…\w…\w。,…………。,…………,标点自然度修正：去除省略号后的日式句号/逗号
game_t01913,050_UAF_DAY95_01.egpack,,いつか次に回収できる時が来たとしても…\w…\wその頃には骨しか残ってないかもしれない。ゼロよりはマシだけど…\w…\w。,即使有一天能再来收殓……到那时可能只剩骨头了。虽然总比什么都没有强……。,即使有一天能再来收殓……到那时可能只剩骨头了。虽然总比什么都没有强……,标点自然度修正：去除省略号后的日式句号/逗号
game_t01928,050_UAF_DAY95_01.egpack,ウィル,「腐敗が進行しているため遺体の持ち帰りは困難と判断する。識別票のみを持ち帰りたい」,「由于腐败正在进展，判断遗体难以带回。希望只带回识别牌。」,「遗体腐败严重，判断难以带回。希望只带回识别牌。」,中文自然度修正：避免“腐败正在进展”硬译
game_t01937,050_UAF_DAY95_01.egpack,,…\w…\w…\w…\w。,…………。,…………,标点自然度修正：去除省略号后的日式句号/逗号
game_t01950,050_UAF_DAY95_01.egpack,,それは…\w…\wそうなんだけどよ…\w…\w。,话是这么说……可是……。,话是这么说……可是……,标点自然度修正：去除省略号后的日式句号/逗号
game_t02448,060_UAF_DAY96_01.egpack,,これは噂ってレベルじゃないだろ！　いきなり出鼻を挫かれたな…\w…\w。,这已经不是传闻级别了吧！一上来就被挫了锐气啊……。,这已经不是传闻级别了吧！一上来就被挫了锐气啊……,标点自然度修正：去除省略号后的日式句号/逗号
game_t02478,060_UAF_DAY96_01.egpack,,…\w…\w…\w…\w。,…………。,…………,标点自然度修正：去除省略号后的日式句号/逗号
game_t02481,060_UAF_DAY96_01.egpack,,弛緩…\w…\w俺たちがどんな気持ちでこの艦を回してきたかも知らないで…\w…\w。,松懈……你根本不知道我们是以怎样的心情维持这艘舰的……。,松懈……你根本不知道我们是以怎样的心情维持这艘舰的……,标点自然度修正：去除省略号后的日式句号/逗号
game_t02524,060_UAF_DAY96_01.egpack,,一体何を持ち出そうって言うんだ……。ここで死者の話が来る……のか？,到底想提出什么……。这里会提到死者……吗？,到底想提出什么……这里会提到死者……吗？,标点自然度修正：去除省略号后的日式句号/逗号
game_t02559,060_UAF_DAY96_01.egpack,,…\w…\w…\w…\w。,…………。,…………,标点自然度修正：去除省略号后的日式句号/逗号
game_t02562,060_UAF_DAY96_01.egpack,,俺に振るのか…\w…\w。,把问题抛给我吗……。,把问题抛给我吗……,标点自然度修正：去除省略号后的日式句号/逗号
game_t02595,060_UAF_DAY96_01.egpack,,…\w…\w…\w…\w。,…………。,…………,标点自然度修正：去除省略号后的日式句号/逗号
game_t02600,060_UAF_DAY96_01.egpack,,…\w…\w…\w…\w。,…………。,…………,标点自然度修正：去除省略号后的日式句号/逗号
game_t02601,060_UAF_DAY96_01.egpack,,くそ…\w…\w。やっぱりだ…\w…\wこいつは強い。,可恶……果然……这家伙很强。,可恶……果然……她很坚强。,中文自然度修正：强い按上下文译为坚强
game_t02625,060_UAF_DAY96_01.egpack,,…\w…\w…\w…\w。,…………。,…………,标点自然度修正：去除省略号后的日式句号/逗号
game_t02673,060_UAF_DAY96_01.egpack,,…\w…\w…\w…\w。,…………。,…………,标点自然度修正：去除省略号后的日式句号/逗号
game_t02674,060_UAF_DAY96_01.egpack,,…\w…\w…\w…\w…\w…\w…\w…\w。,……………………。,……………………,标点自然度修正：去除省略号后的日式句号/逗号
game_t02703,060_UAF_DAY96_01.egpack,,…\w…\w…\w…\w。,…………。,…………,标点自然度修正：去除省略号后的日式句号/逗号
game_t03069,090_UAF_DAY99_01.egpack,,警報が鳴り止まない…\w…\w。,警报响个不停……。,警报响个不停……,标点自然度修正：去除省略号后的日式句号/逗号
game_t03137,090_UAF_DAY99_01.egpack,ダリル,「またこれまでの戦訓からも、\w長駆侵攻してきたＢＥＴＡには光線属種の存在確率が低いことから、\w洋上の船舶が最も安全であると判断された」,「而且从以往战斗教训来看，长途侵攻而来的BETA中，激光属种的存在概率较低，因此判断海上船舶最为安全。」,「而且从以往战斗教训来看，长途进攻而来的BETA中，激光属种的存在概率较低，因此判断海上船舶最为安全。」,中文自然度修正：侵攻改为进攻
game_t03150,090_UAF_DAY99_01.egpack,ダリル,「第一波攻撃の撃墜率から、\w光線属種の存在及び分布を算出。それによってアタシら戦術機部隊の行動が決まってくる」,「根据第一波攻击的击坠率，计算激光属种的存在及分布。由此决定我们战术机部队的行动。」,「根据第一波攻击的击落率，计算激光属种的存在及分布。由此决定我们战术机部队的行动。」,中文自然度修正：击坠率改为击落率
game_t03180,090_UAF_DAY99_01.egpack,ダリル,「光線属種の存在が確認された場合、\w第二波は再度ＡＬ弾攻撃。敵迎撃による重金属雲展開後、\w戦術機部隊は約１５キロ進出して光線属種の掃討にかかる」,「如果确认存在激光属种，第二波再次进行AL弹攻击。敌方迎击展开重金属云后，战术机部队推进约15公里，开始扫荡激光属种。」,「如果确认存在激光属种，第二波再次使用AL弹攻击。敌方迎击展开重金属云后，战术机部队推进约15公里，开始扫荡激光属种。」,中文自然度修正：去掉“进行”硬译
game_t03181,090_UAF_DAY99_01.egpack,ダリル,「光線属種が存在しない場合、\w戦術機部隊は前進し敵群と接触。第二波以降は海軍戦術機部隊の目視誘導で敵のど真ん中に誘導弾を叩き込む」,「激光属种不存在的情况下，战术机部队前进并接触敌群。第二波以后，由海军战术机部队的目视诱导将诱导弹打入敌军正中央」,「如果不存在激光属种，战术机部队前进并接触敌群。第二波以后，由海军战术机部队的目视诱导将诱导弹打入敌军正中央」,中文自然度修正：调整条件句
game_t03262,090_UAF_DAY99_01.egpack,,…\w…\w…\w…\w。,…………。,…………,标点自然度修正：去除省略号后的日式句号/逗号
game_t03263,090_UAF_DAY99_01.egpack,,…\w…\w…\w…\w。,…………。,…………,标点自然度修正：去除省略号后的日式句号/逗号
game_t03267,090_UAF_DAY99_01.egpack,オールストン准将,「よろしい！　光線属種は存在しないものと判断する。――モード・オート・スペシャル！　ありったけの誘導弾を叩き込め！」,「好！判定不存在激光属种。――自动特殊模式！把所有的诱导弹都打进去！」,「好！判定不存在激光属种。――自动特殊模式！把所有诱导弹都砸进去！」,中文自然度修正：战斗口吻更自然
game_t03271,090_UAF_DAY99_01.egpack,,第一波は迎撃されなかったのか！　着弾はまだだけど…\w…\w。,第一波没有被拦截吗！　虽然还没命中……。,第一波没有被拦截吗！　虽然还没命中……,标点自然度修正：去除省略号后的日式句号/逗号
game_t03324,090_UAF_DAY99_01.egpack,,実際、\w面制圧の効果があったようには思えない…\w…\w。,实际上，似乎并没有发挥面压制的效果……。,实际上，似乎并没有发挥面压制的效果……,标点自然度修正：去除省略号后的日式句号/逗号
game_t03382,090_UAF_DAY99_02.egpack,オールストン准将,「クッ…\w…\w早い…\w…\wッ！　ＢＥＴＡめ…\w…\w！」,「咳……好快……！　BETA这家伙……！」,「咳……好快……！　该死的BETA……！」,中文自然度修正：め按咒骂语气处理
game_t03422,090_UAF_DAY99_02.egpack,,最後衛任務…\w…\w。,断后任务……。,断后任务……,标点自然度修正：去除省略号后的日式句号/逗号
game_t03427,090_UAF_DAY99_02.egpack,,今だって光線属種がいないから、\wもっているようなもんなんだぜ…\w…\w。,现在也没有激光属种，所以就跟拥有一样……,现在也是因为没有激光属种，才勉强撑得住啊……,中文自然度修正：もっている按撑住处理
game_t03432,090_UAF_DAY99_02.egpack,,海兵隊は決して任務達成を諦めない…\w…\w。,海军陆战队绝不放弃任务……。,海军陆战队绝不放弃任务……,标点自然度修正：去除省略号后的日式句号/逗号
game_t03526,090_UAF_DAY99_03.egpack,,ここに来て…\w…\wここまで来て海側から要塞級がこんなに…\w…\w。,来到这里……来到这里从海侧有这么多要塞级……,都到这一步了……都到这一步了，海面方向竟然冒出这么多要塞级……,中文自然度修正：ここまで来て按语境处理
game_t03534,090_UAF_DAY99_03.egpack,,はは…\w…\wリリア、\wおまえ…\w…\wまだ、\wそんなことを…\w…\w。,哈哈……莉莉娅，你……还，做那种事……,哈哈……莉莉娅，你……还在说这种话……,中文自然度修正：まだそんなことを按语境处理
game_t03608,090_UAF_DAY99_03.egpack,,…\w…\w気持ちは分かる…\w…\w同じ仲間として、\wこいつが全力を尽くそうとしていることも…\w…\w。,……心情可以理解……作为同伴，这家伙也在全力以赴……,……心情我懂……作为同伴，她也正在全力以赴……,中文自然度修正：按上下文把こいつ自然化为她
game_t03609,090_UAF_DAY99_03.egpack,,…\w…\w俺だって、\w本当は最後まで…\w…\wこいつと一緒に戦えるなら、\w死ぬのも悪くないとすら思ってる…\w…\w！,……我也一样，其实直到最后……如果能和这家伙一起战斗，我甚至觉得死也无所谓……！,……我也一样，其实直到最后……如果能和她一起战斗，我甚至觉得死也无所谓……！,中文自然度修正：按上下文把こいつ自然化为她
game_t03649,090_UAF_DAY99_03.egpack,,分かってる…\w…\w絶対に持たせる！　こいつが脱出するまでは、\w絶対に…\w…\w！,我知道……绝对要撑住！在这家伙逃出去之前，绝对……！,我知道……绝对要撑住！在她逃出去之前，绝对……！,中文自然度修正：按上下文把こいつ自然化为她
game_t03682,100_UAF_DAY100_01.egpack,女,「貴様、\w大丈夫か――？」,「你这家伙，没事吧――？」,「你，没事吧――？」,中文自然度修正：貴様按救援语境自然化
game_t03688,100_UAF_DAY100_01.egpack,女,「水だ…\w…\w落ち着いて飲め」,「水……冷静点喝」,「水……别急，慢慢喝」,中文自然度修正：自然口语
game_t00231,020_UAF_DAY91_01.egpack,ダリル,「軽く発熱してる、\wか。けどこの程度なら感染症の心配はなさそうだね」,「有点发烧呢。不过这种程度的话，看来不用担心感染病。」,「有点发烧。不过这种程度，应该不用担心感染病。」,显示长度安全修正：避开外层引号内24/25字符边界
game_t00912,030_UAF_DAY93_01.egpack,ダリル,「今後の任務については明日、\w実機での着座調整と合わせて説明するものとする」,「关于今后的任务，明天会结合实机座椅调整一并说明。」,「明天会结合实机座椅调整，一并说明今后的任务。」,显示长度安全修正：避开外层引号内24/25字符边界
game_t01369,040_UAF_DAY94_01.egpack,ダリル,「当面は任務の内容と推進剤効率に鑑み、\w２機分隊での運用を継続する」,「当前鉴于任务内容和推进剂效率，继续以2机分队运用」,「鉴于当前任务内容和推进剂效率，继续以2机分队形式运用。」,显示长度安全修正：避开外层引号内24/25字符边界
game_t01704,050_UAF_DAY95_01.egpack,ダリル,「今回はまだ物資の運搬は行わず、\wまずは前回と同じく中継機の設置を担当してもらう」,「这次还不搬运物资，首先和上次一样，请负责设置中继机」,「这次还不搬运物资，先和上次一样布设中继机」,显示长度安全修正：避开外层引号内24/25字符边界
game_t03405,090_UAF_DAY99_02.egpack,バスター１,「この位置での戦線維持は不可能と判断する。母艦に戻って戦線を再構築すべきだ！」,「判定此位置无法维持战线。应该返回母舰重新构建战线！」,「判定此位置无法维持战线。返回母舰重新构建战线！」,显示长度安全修正：避开外层引号内24/25字符边界
game_t03636,090_UAF_DAY99_03.egpack,ウィル,「そのパッケージが俺らの結晶なら、\wその名前も全てそこに入ってるはずなんだ！」,「如果那个数据包是我们的结晶，名字也应该全在里面！」,「如果那个数据包是我们的结晶，大家的名字也应该全在里面！」,显示长度安全修正：避开外层引号内24/25字符边界
game_t00014,010_UAFプロローグ.egpack,テイラー大将,「人類はまもなく勝利し、\wこの地球は再興する。６０年後ではなく、\w数年以内にな」,「人类不久将取得胜利，地球将复兴。不是六十年后，而是几年之内。」,「人类很快就会胜利，地球也将复兴。不是六十年后，而是几年之内。」,中文自然度修正：取得胜利改为更自然口吻
game_t00034,020_UAF_DAY91_01.egpack,マクマナス中尉,「いい返事だウィル。よく分かったよ、\wおまえがまったく分かっちゃいないってことがね」,「回答得好，威尔。我懂了，你根本什么都不懂。」,「好回答，威尔。我算明白了，你是真的什么都不懂。」,中文自然度修正：达里尔讽刺口吻更自然
game_t00495,020_UAF_DAY91_01.egpack,,それじゃ反応が鈍いのも仕方がない…\w…\wやっぱり俺の配慮不足か…\w…\w。,那样的话反应迟钝也是没办法的……果然是我考虑不周啊……,这样反应迟钝也难怪……果然是我考虑不周啊……,中文自然度修正：日式句法调整
game_t00540,020_UAF_DAY91_01.egpack,ダリル,「コントロール、\w保護対象搭乗機はナイヴス２だ、\w先に着艦させる」,「管制，保护对象所在机是黑刃2，让其先着舰」,「管制，保护对象乘坐的是黑刃2，让它先着舰」,中文自然度修正：保護対象搭乗機自然化
game_t00680,030_UAF_DAY93_01.egpack,オールストン准将,「この編入に対し異議がある場合、\w現状況終了後に文書で提出するように。何か問題はあるかね」,「对于这次编入，如有异议，请在现状结束后以书面形式提出。有什么问题吗？」,「对于这次编入，如有异议，请在当前状况结束后以书面形式提出。有什么问题吗？」,中文自然度修正：现状改为当前状况
game_t00707,030_UAF_DAY93_01.egpack,オールストン准将,「…\w…\w以後、\w数度の大津波と海図データの急激な変化によって艦の位置を喪失。急速な潮位の変動に対応し切れず、\wこの地に座礁してしまった」,「……此后，因数次大海啸和海图数据的急剧变化，舰船位置丢失。未能应对急速的潮位变动，在此地搁浅了」,「……此后，因数次大海啸和海图数据的急剧变化，失去舰位。未能应对急速的潮位变动，在此地搁浅了」,中文自然度修正：艦の位置を喪失按舰位处理
game_t01034,040_UAF_DAY94_01.egpack,ウィル,「ただ、\w今回は元々長期化に備えて食糧や生活物資優先で詰め込んでたからね。まだ余裕はあるよ」,「不过，这次原本就为了长期化而优先装满了粮食和生活物资。还有余裕哦」,「不过，这次原本就为了长期化而优先装满了粮食和生活物资。还很充足哦」,中文自然度修正：余裕改为充足
game_t01428,040_UAF_DAY94_01.egpack,ウィル,「でもな、\wそれは生きた人間が救助を待ってる、\wそう判断する強い根拠があったからだ！」,「但是，那是因为有强有力的依据判断那里有活着的人在等待救援！」,「但是，那是因为有强有力的依据表明，那里有活着的人在等待救援！」,中文自然度修正：判断句改为表明
game_t01588,050_UAF_DAY95_01.egpack,ダリル,「アタシに感謝する必要はないさ。あくまで司令部が通信可能圏を延伸すべき方位と判断したってことさ」,「没必要感谢我。只是司令部判断应该向通信可能圈延伸的方向而已」,「没必要感谢我。只是司令部判断，应该朝这个方向扩展通信范围而已」,中文自然度修正：通信可能圏延伸自然化
game_t02101,060_UAF_DAY96_01.egpack,ウィル,「死者を悼む気持ちが無い奴なんて、\wいるわけねえだろ…\w…\w！」,「没有悼念死者心情的家伙，怎么可能存在……！」,「没有悼念死者心情的家伙，怎么可能有……！」,中文自然度修正：存在改为有
game_t02111,060_UAF_DAY96_01.egpack,ウィル,「その状況で、\w戦術機を無駄に使う余裕があると思うのか！？」,「那种情况下，你觉得还有余裕浪费战术机吗！？」,「那种情况下，你觉得还有余力浪费战术机吗！？」,中文自然度修正：余裕改为余力
game_t02145,060_UAF_DAY96_01.egpack,リリア,「あらごめんなさい、\w確かにそうね。あんまり余裕ある非常事態だから、\wつい忘れちゃったの」,「哎呀对不起，确实是这样。因为是非常有余裕的紧急事态，一不小心就忘了。」,「哎呀对不起，确实是这样。毕竟是场这么游刃有余的紧急事态，一不小心就忘了。」,中文自然度修正：余裕讽刺语气自然化
game_t02206,060_UAF_DAY96_01.egpack,,そんなモン、\w気にしてる余裕も無かったが…\w…\w。,那种东西，连在意的余裕都没有……,那种东西，连在意的心思都没有……,中文自然度修正：余裕改为心思
game_t02361,060_UAF_DAY96_01.egpack,ウィル,「それを…\w…\w考えたことが無い奴なんていないだろ…\w…\w」,「那个……没有想过的人应该不存在吧……」,「那个……没有想过的人应该没有吧……」,中文自然度修正：不存在改为没有
game_t02507,060_UAF_DAY96_01.egpack,,じゃあ、\w探索任務の強化を持ち出すのか？　――それももう考えにくい。,那么，是要提出探索任务的强化吗？——这也很难再考虑了。,那么，是要提出加强探索任务吗？——这也很难再考虑了。,中文自然度修正：探索任務の強化自然化
game_t02522,060_UAF_DAY96_01.egpack,リリア,「ですが一方で、\w決して思考から除外してはならない存在があるはずです」,「但另一方面，应该有绝对不能排除在思考外的存在」,「但另一方面，应该也有绝对不能从思考中排除的东西」,中文自然度修正：存在自然化
game_t02676,060_UAF_DAY96_01.egpack,,あいつを？,那个家伙？,她？,中文自然度修正：あいつ按上下文指莉莉娅
game_t02880,080_UAF_DAY98_01.egpack,,一つ一つ墓穴を掘る余裕はさすがになく、\w広く削りだした土地に棺を並べ、\wまとめて埋める方式になった。,一个一个挖墓穴的余裕当然没有，变成了在宽阔的削出土地上排列棺材，一起埋掉的方式。,当然没有余力一个个挖墓穴，只能在削平出的宽阔地面上排列棺材，再统一埋葬。,中文自然度修正：削りだした土地自然化
game_t02962,090_UAF_DAY99_01.egpack,メルヴィナ,「ウィル坊はリリアちゃんが理解できて、\wむっちゃ嬉しいんだもんなー？　男の余裕見せつけタイムだもんなー」,「威尔 Boy能理解莉莉娅，超级开心吧？现在是展现男人余裕的时间吧？」,「威尔 Boy能理解莉莉娅，超级开心吧？现在是展现男人从容的时间吧？」,中文自然度修正：余裕改为从容
game_t03149,090_UAF_DAY99_01.egpack,ダリル,「第一波はＡＬ弾と通常弾頭の混合。これは、\w敵前衛に存在する突撃級ではなく、\w後方に存在するであろう敵本隊を狙うものだ」,「第一波是AL弹和常规弹头的混合。这不是瞄准存在于敌前锋的突击级，而是瞄准可能存在于后方的敌本队。」,「第一波是AL弹和常规弹头的混合。这不是瞄准敌前锋中的突击级，而是瞄准可能位于后方的敌本队。」,中文自然度修正：存在于自然化
game_t03153,090_UAF_DAY99_01.egpack,ウィル,「…\w…\wですが隊長。水平線越えということは弾着観測も満足にできないんじゃないでしょうか」,「……但是队长。越过水平线的话，弹着观测也没法好好进行吧」,「……但是队长。越过水平线的话，弹着观测也没法好好做吧」,中文自然度修正：进行改为做
game_t01556,040_UAF_DAY94_01.egpack,ウィル,「歩兵小隊側の長、\wこの海兵分遣隊の指揮官だよ」,「步兵小队方的队长，就是这支海军陆战队分遣队的指挥官哦」,「步兵小队那边的队长，就是这支海军陆战队分遣队的指挥官。」,中文自然度修正：歩兵小隊側不是“步兵小队方”，改为“步兵小队那边”
