sample_no,id,sample_group,speaker_jp,jp,hit_terms,flash_cn,pro_cn,same_norm,flash_flags,pro_flags,flash_flag_count,pro_flag_count
1,game_t00269,opening_daily_2,ダリル,「……すまないんだけどね、捜索隊は出せないんだよ」,ダリル=>达里尔; 捜索隊=>搜索队,“……抱歉，搜索队不能派出去啊。”,「……抱歉啊，搜索队是派不出来的」,no,,,0,0
2,game_t00270,opening_daily_2,リリア,「え――？」,リリア=>莉莉娅,「诶——？」,莉莉娅,no,,,0,0
3,game_t00271,opening_daily_2,ダリル,「アタシらの推進剤もそろそろ余裕がない……今日はお嬢ちゃんを乗せて戻るのがやっとなんだよ」,ダリル=>达里尔,我们的推进剂也快不够了……今天能载着你回去就已经很勉强了。,我们的推进剂也快不够了……今天只能勉强带小姑娘回去了,no,,,0,0
4,game_t00272,opening_daily_2,リリア,「だったら――！　艦隊に連絡して捜索隊を――！」,リリア=>莉莉娅; 捜索隊=>搜索队; 艦隊=>舰队,「那就——！联系舰队，派出搜索队——！」,「那么——！联络舰队派出搜索队——！」,no,,,0,0
5,game_t00273,opening_daily_2,ダリル,「母艦に報告は入れてるよ。今頃、向こうでも検討はしてるだろうさ。気持ちはわからないでもないが、今はアンタの身体のほうが心配だ」,ダリル=>达里尔; 母艦=>母舰,“已经向母舰报告了。现在那边应该也在讨论吧。虽然不是不能理解你的心情，但现在我更担心你的身体。”,“我已经向母舰报告了。现在，他们那边应该也在讨论吧。你的心情我不是不能理解，但现在我更担心你的身体。”,no,,,0,0
6,game_t00274,opening_daily_2,リリア,「私なら大丈夫ですから――」,リリア=>莉莉娅,「我的话没关系的——」,“我没问题的——”,no,,,0,0
7,game_t00275,opening_daily_2,,随分食い下がるけど、彼女からすれば当然の反応だよな……。,,虽然她一直紧追不舍，但对她来说这是理所当然的反应吧……。,虽然她一再追问，但从她的角度来看，这也是理所当然的反应吧……。,no,,,0,0
8,game_t00276,opening_daily_2,,自分は助かっても仲間がいる、しかも救助したのは母艦付きの戦術機。期待するなってほうが無理だ。,母艦=>母舰,就算自己得救了，还有同伴在，而且救自己的是带母舰的战术机。不让人期待才难吧。,自己得救了，但同伴还在，而且前来救援的是配备母舰的战术机。不抱期待才是不可能的。,no,,,0,0
9,game_t00277,opening_daily_2,,……そろそろ、俺も口を挟んだ方がいいな……。,,jp: ……看来，我也该插句话了……。,……差不多，我也该插嘴了……。,no,explain,,1,0
10,game_t00278,opening_daily_2,ウィル,「……母艦の方でも、そう簡単に戦術機を出すわけにはいかないんだ」,ウィル=>威尔; 母艦=>母舰,「……母舰那边，也不能轻易出动战术机啊」,“……母舰那边，也不能那么轻易就派出战术机。”,no,,,0,0
11,game_t00279,opening_daily_2,リリア,「どうして……同じ海兵隊員の命が掛かってるんですよ！　艦載ヘリとか、近隣の基地に要請とか色々――」,海兵隊員=>海军陆战队员; リリア=>莉莉娅; 海兵隊=>海军陆战队; 基地=>基地,为什么……这可是关系到同为海军陆战队员的生命啊！舰载直升机、向附近基地请求支援等等有很多办法——,“为什么……这关系到同为海军陆战队员的生命啊！可以请求舰载直升机，或者向附近的基地请求支援等等——”,no,,,0,0
12,game_t00280,opening_daily_2,ダリル,「ヘリはもう無いし、要請もできない」,ダリル=>达里尔,直升机已经没有了，也无法请求支援。,直升机已经没了，也没法请求支援,no,,,0,0
13,game_t00281,opening_daily_2,リリア,「そんな……だって、ＪＦＫは……」,リリア=>莉莉娅; ＪＦＫ=>JFK,「怎么会……可是，JFK是……」,「怎么会……因为，JFK是……」,no,,,0,0
14,game_t00282,opening_daily_2,,本当のことを言うしかない……。,,只能说真话……。,我只能说实话了……。,no,,,0,0
15,game_t00283,opening_daily_2,ダリル,「アタシらも漂流の身なのさ。シェルベリ少尉よりは遥かにマシだろうけどね」,シェルベリ=>谢尔贝里; ダリル=>达里尔; 少尉=>少尉,我们也是漂流之身。不过比起谢尔贝里少尉，应该要好得多吧。,我们也是漂流之身。不过比谢尔贝里少尉要好得多吧,no,,,0,0
16,game_t00284,opening_daily_2,リリア,「嘘……じゃあまさか…………」,リリア=>莉莉娅,「骗人……难道说…………」,莉莉娅,no,,,0,0
17,game_t00285,opening_daily_2,ウィル,「…………」,ウィル=>威尔,「…………」,威尔,no,,,0,0
18,game_t00286,opening_daily_2,,辛いよな……。一度希望が見えて壊されるのは……。,,很痛苦吧……。一旦看到希望又被摧毁……。,很痛苦吧……。一旦看到希望却又被摧毁……。,no,,,0,0
19,game_t00287,opening_daily_2,,でも、彼女の命に関してはもう安心なんだ。そこで納得してくれるといいんだけど……。,,不过，关于她的性命已经可以放心了。要是她能接受就好了……。,不过，关于她的性命，已经可以放心了。希望你能接受这一点……。,no,,,0,0
20,game_t00288,opening_daily_2,ダリル,「……よくやったよ、アンタは仲間の分まで生き抜いたんだ」,ダリル=>达里尔,“……干得好，你连同伴的份一起活下来了。”,「……你做得很好，你连同伴的份都活下来了」,no,,,0,0
21,game_t00289,opening_daily_2,リリア,「…………」,リリア=>莉莉娅,「…………」,莉莉娅,no,,,0,0
22,game_t00290,opening_daily_2,ダリル,「ここからすぐのところに中継機も設置してある。ここらに救命艇が近づけば確実に拾えるから安心しな」,ダリル=>达里尔,“从这里不远处也设置了中继机。如果救生艇靠近这一带，肯定能接收到，放心吧。”,从这里出去不远就设置了中转机。只要有救生艇靠近这里，就一定能被救起，放心吧,no,,,0,0
23,game_t00291,opening_daily_2,リリア,「どういう……ことですか……？　中継機……？」,リリア=>莉莉娅,“这是……怎么回事……？中继机……？”,莉莉娅,no,,,0,0
24,game_t00292,opening_daily_2,ウィル,「輸送艦に乗ってたなら、あの時から通信障害には気づいてただろう？　あれは今も続いてるんだ」,ウィル=>威尔,如果你当时在运输舰上，应该早就注意到通信故障了吧？那个问题现在还在持续。,“如果你当时在运输舰上，应该从那时起就注意到通信故障了吧？那个故障现在还在持续。”,no,,,0,0
25,game_t00293,opening_daily_2,,あの日以来徐々にひどくなり、遂には長距離通信能力をほぼ奪われるに至った謎の現象。,,自那天起逐渐恶化，最终几乎被剥夺了长距离通信能力的神秘现象。,自那日起逐渐恶化，最终几乎完全丧失长距离通信能力的谜之现象。,no,,,0,0
26,game_t00294,opening_daily_2,,だからこそ、俺たちも探検隊みたいな真似をする羽目になってるんだ。,探検隊=>探险队,正因为如此，我们才不得不像探险队一样行事。,正因如此，我们也落得个像探险队一样的地步。,no,,,0,0
27,game_t00295,opening_daily_2,リリア,「…………」,リリア=>莉莉娅,「…………」,莉莉娅,no,,,0,0
28,game_t00296,opening_daily_2,ダリル,「ウィルの言ってることは本当だよ。どの道、中継機が信号を拾わなきゃ捜索は無理なのさ」,ウィル=>威尔; ダリル=>达里尔,威尔说的是真的。不管怎样，如果中继机收不到信号，搜索是不可能的。,威尔说的是真的。不管怎样，如果中继器接收不到信号，搜索是不可能的。,no,,,0,0
29,game_t00297,opening_daily_2,ダリル,「このだだっ広い海域に、数機ぽっちの戦術機じゃあね」,ダリル=>达里尔,在这片广阔的海域，区区几架战术机可不够啊,在这片广阔的海域，只有几架战术机可不行啊,no,,,0,0
30,game_t00298,opening_daily_2,リリア,「捜索は……無理……」,リリア=>莉莉娅,"莉莉娅：""搜索……不可能……""",「搜索……不行……」,no,,,0,0
31,game_t00299,opening_daily_2,ウィル,「……推進剤も無駄にはできないんだ。すまない、本当に……」,ウィル=>威尔,“……推进剂也不能浪费。抱歉，真的……”,“……推进剂也不能浪费。抱歉，真的……”,yes,,,0,0
32,game_t00300,opening_daily_2,,クソ……。誰かが生きてるなら、俺だって本当は助けてやりたい……。,誰かが=>有人; クソ=>该死,该死……。要是有人活着的话，我其实也想救他们……。,该死……。如果有人还活着，我其实也想救他们……。,no,,,0,0
33,game_t00301,opening_daily_2,リリア,「…………」,リリア=>莉莉娅,「…………」,莉莉娅,no,,,0,0
34,game_t00302,opening_daily_2,ダリル,「……まずは艦に戻るよ。話はそれからだ。いいね？」,ダリル=>达里尔,“……先回舰上吧。话等之后再说。可以吧？”,“……先回舰上。之后再说。可以吧？”,no,,,0,0
35,game_t00303,opening_daily_2,リリア,「了解、です……」,リリア=>莉莉娅,莉莉娅,莉莉娅,yes,,,0,0
36,game_t00304,opening_daily_2,,……分かってくれたか……。,,jp: ……你理解了吗……。,……你明白了吗……。,no,explain,,1,0
37,game_t00305,opening_daily_2,ダリル,「ナイヴス１よりソルティ・ベース、救命艇より生存者１名を確保、乗員は他に無し」,ソルティ・ベース=>索尔蒂基地; ナイヴス１=>黑刃1; ナイヴス=>黑刃; ダリル=>达里尔,黑刃1呼叫索尔蒂基地，从救生艇上救出1名幸存者，无其他船员,黑刃1呼叫索尔蒂基地，救生艇上救起一名幸存者，无其他乘员,no,,,0,0
38,game_t00306,opening_daily_2,ダリル,「生存者は米国海兵隊第２６海兵戦術機甲群所属、リリア・シェルベリ少尉」,リリア・シェルベリ=>莉莉娅·谢尔贝里; リリア・シェル=>莉莉娅·谢尔; 米国海兵隊第=>美国海军陆战队第; シェルベリ=>谢尔贝里; 米国海兵隊=>美国海军陆战队; 海兵隊第=>海军陆战队第; リリア=>莉莉娅; 海兵隊=>海军陆战队; ダリル=>达里尔; 少尉=>少尉; 米国=>美国,生存者是美国海军陆战队第26海军战术机甲群所属，莉莉娅·谢尔贝里少尉,「幸存者是美国海军陆战队第26海军战术机甲群所属，莉莉娅·谢尔贝里少尉」,no,,,0,0
39,game_t00307,opening_daily_2,ダリル,「若干の衰弱はあるがバイタルに問題なし。戦術機にて搬送可能。データ転送する」,ダリル=>达里尔,虽然有些衰弱，但生命体征没有问题。可以用战术机运送。传输数据。,“虽然有些虚弱，但生命体征没有问题。可以用战术机进行搬运。数据传输中”,no,,,0,0
40,game_t00308,opening_daily_2,ＪＦＫオペレーター,「――ソルティ・ベース了解、医療チームにデータを回しておく。詳細は帰投後に報告せよ」,ＪＦＫオペレーター=>JFK操作员; ソルティ・ベース=>索尔蒂基地; オペレーター=>操作员; ＪＦＫ=>JFK,「――索尔蒂基地了解，医疗团队的数据已转交。详细情况归队后报告」,“——索尔蒂基地收到，我会把数据转给医疗团队。详细情况返回后报告。”,no,,,0,0
41,game_t00309,opening_daily_2,ダリル,「ナイヴス１了解。これより帰投する」,ナイヴス１=>黑刃1; ナイヴス=>黑刃; ダリル=>达里尔,黑刃1收到。现在开始返航。,黑刃1了解。现在开始返航,no,,,0,0
42,game_t00310,opening_daily_2,ダリル,「さて、と」,ダリル=>达里尔,好了,那么，,no,,,0,0
43,game_t00311,opening_daily_2,ダリル,「ウィルバート・Ｄ・コリンズ少尉！」,ウィルバート・Ｄ・コリンズ=>威尔伯特·D·柯林斯; コリンズ=>柯林斯; ウィル=>威尔; ダリル=>达里尔; 少尉=>少尉,威尔伯特·D·柯林斯少尉！,威尔伯特·D·柯林斯少尉,no,,,0,0
44,game_t00312,opening_daily_2,ウィル,「は！」,ウィル=>威尔,威尔,威尔,yes,,,0,0
45,game_t00313,opening_daily_2,ダリル,「シェルベリ少尉を貴様の機体に乗せて差し上げろ」,シェルベリ=>谢尔贝里; ダリル=>达里尔; 少尉=>少尉,把谢尔贝里少尉放到你的飞机上,让谢尔贝里少尉乘坐你的机体,no,,,0,0
46,game_t00314,opening_daily_2,ウィル,「は！　……は！？」,ウィル=>威尔,哈！……哈！？,哈！……哈！？,yes,,,0,0
47,game_t00315,opening_daily_2,リリア,「…………！」,リリア=>莉莉娅,「…………！」,莉莉娅,no,,,0,0
48,game_t00316,opening_daily_2,,ちょっ……ちょっと待て隊長！　何を言ってるか本当に分かってるのか！？,隊長=>队长,等等……等一下队长！你真的明白自己在说什么吗？！,等……等一下队长！你真的明白自己在说什么吗！？,no,,,0,0
49,game_t00317,opening_daily_2,ダリル,「なんだウィル、何か文句でもあるのかい？」,ウィル=>威尔; ダリル=>达里尔,“怎么了威尔，你有什么不满吗？”,怎么，威尔，你有什么不满吗？,no,,,0,0
50,game_t00318,opening_daily_2,ウィル,「……は。いえ……その、恐れながら、我々のＦ－１８Ｅは単座であります」,Ｆ－１８Ｅ=>F-18E; ウィル=>威尔,“……啊。不……那个，恕我直言，我们的F-18E是单座机。”,「……是。不……那个，恕我直言，我们的F-18E是单座机」,no,,,0,0
51,game_t03189,battle_comms_command_2,ダリル,「よろしい」,ダリル=>达里尔,达里尔,达里尔,yes,,,0,0
52,game_t03190,battle_comms_command_2,リリア,「は――。目視誘導は我々海兵隊が受けるべき任務ではないでしょうか？」,我々海兵隊=>我方海军陆战队; リリア=>莉莉娅; 海兵隊=>海军陆战队,“哈——。目视引导难道不应该是我们海军陆战队的任务吗？”,“是——。目视引导难道不是我方海军陆战队应该接受的任务吗？”,no,term_missing:我々海兵隊->我方海军陆战队,,1,0
53,game_t03191,battle_comms_command_2,,海兵隊が常に前に出る――リリアらしい質問だな。,リリア=>莉莉娅; 海兵隊=>海军陆战队,海军陆战队总是冲在前面——这问题真像莉莉娅会问的啊。,海军陆战队总是冲在最前面——这问题很有莉莉娅的风格。,no,,,0,0
54,game_t03192,battle_comms_command_2,ダリル,「通常ならばそのとおりだ。だが我々の任務は、本来あくまでヨコハマからの積荷の死守だ。以前説明したろう――？」,ヨコハマ=>横滨; ダリル=>达里尔,通常来说是这样。但我们的任务，原本只是死守从横滨运来的货物。之前不是说明过了吗——？,「通常的话确实如此。但我们的任务，本来终究是死守来自横滨的货物。以前说明过了吧——？」,no,,,0,0
55,game_t03193,battle_comms_command_2,リリア,「積荷……」,リリア=>莉莉娅,莉莉娅,货物……,no,,,0,0
56,game_t03194,battle_comms_command_2,ダリル,「母艦を守らなきゃいけないことに変わりは無いが、防衛の主体はあくまで海軍戦力が担当する。数もあちらさんは９機で多いしな」,ダリル=>达里尔; 海軍=>海军; 母艦=>母舰,“保护母舰这一点没有改变，但防御的主体始终由海军战力负责。数量上对方有9架，也比较多。”,虽然保护母舰这一点没有改变，但防御的主体仍然由海军战力负责。而且他们那边有9架，数量上也更多。,no,,,0,0
57,game_t03195,battle_comms_command_2,ダリル,「無論、建前上の主体が向こうってだけのことさ。アタシらはアタシらで全力を投入する。いいね？」,ダリル=>达里尔,当然，表面上只是对方主导而已。我们这边也会全力以赴。明白吗？,“当然，这只是表面上的主体是他们那边而已。我们这边也会全力以赴。没问题吧？”,no,,,0,0
58,game_t03196,battle_comms_command_2,リリア,「……は！」,リリア=>莉莉娅,「……哈！」,莉莉娅,no,,,0,0
59,game_t03197,battle_comms_command_2,,……まだ不満はありそうだな。,まだ=>还,看来你还有不满啊。,……看来还是不太满意啊。,no,,,0,0
60,game_t03198,battle_comms_command_2,,ま、とはいえ隊長も言うようにあくまで建前だ。どっちにしたって、俺たちは母艦を守らなきゃ意味が無いし明日も無い。,隊長=>队长; 母艦=>母舰,嘛，话虽如此，正如队长所说，这不过是表面上的说法。不管怎样，如果我们不保护母舰，就没有意义，也没有明天。,嘛，不过正如队长所说，这终究只是场面话。不管怎样，我们要是不保护好母舰就没意义了，也没有明天可言。,no,,,0,0
61,game_t03199,battle_comms_command_2,ダリル,「我々は海軍戦術機隊と連携し、敵を撃破しつつ、可能な限り母艦から引き離す」,海軍戦術機隊=>海军战术机队; 戦術機隊=>战术机队; ダリル=>达里尔; 海軍=>海军; 母艦=>母舰,我们与海军战术机队协同作战，一边击破敌人，一边尽可能将其从母舰引开,“我们将与海军战术机队协同，在击破敌人的同时，尽可能将其从母舰引开”,no,,,0,0
62,game_t03200,battle_comms_command_2,ダリル,「現在、整備班総出でありったけの武装を甲板上にあげてる。突撃砲だけはバーゲンセールが出来るぐらいあるけどね、推進剤は厳しいところさ」,ダリル=>达里尔; 突撃=>突击,“现在，整备班全员出动，把所有的武装都搬到了甲板上。虽然突击炮多到可以大甩卖，但推进剂方面很吃紧。”,现在，整备班全体出动，把所有武器都搬到了甲板上。只有突击炮多到可以搞大甩卖，但推进剂就紧张了。,no,,,0,0
63,game_t03201,battle_comms_command_2,,悠長に弾薬エレベーターで都度上げてる暇はないってことか。,,意思是没时间悠闲地每次用弹药电梯往上运。,看来是没有闲暇每次都悠哉地用弹药升降机搬运了。,no,,,0,0
64,game_t03202,battle_comms_command_2,,飛行甲板上全体を補給ポイントとして使うわけだ。,,原来是把整个飞行甲板都当作补给点啊。,也就是说，整个飞行甲板都要用作补给点。,no,,,0,0
65,game_t03203,battle_comms_command_2,ダリル,「消費を抑えて撃墜されちゃあ本末転倒だが、推進剤の使用量には一応注意しておけ」,ダリル=>达里尔,虽然节省消耗却被击落是本末倒置，但还是要留意推进剂的使用量。,“虽然为了节省消耗而被击落就本末倒置了，但推进剂的使用量还是要稍微注意一下。”,no,,,0,0
66,game_t03204,battle_comms_command_2,ダリル,「光線属種の不在が確認されれば、引き続いて甲板上に交換用推進剤増槽も配置される。積極的に利用しな」,ダリル=>达里尔; 光線=>激光,如果确认没有激光属种，接下来甲板上也会配置备用推进剂增槽。请积极利用。,如果确认光线属种不在，接下来甲板上还会配置交换用推进剂增槽。要积极利用。,no,,term_missing:光線->激光,0,1
67,game_t03205,battle_comms_command_2,ウィル・リリア,「――了解！」,ウィル・リリア=>威尔·莉莉娅; リリア=>莉莉娅; ウィル=>威尔,“——了解！”,「――了解！」,no,,,0,0
68,game_t03206,battle_comms_command_2,ダリル,「――戦闘は『機織り』の要領だ。戦術機は地上に展開、安全距離を保ちつつ敵の頭を抑える」,ダリル=>达里尔; 要領=>要领,“——战斗就像‘织布’的要领。战术机在地面展开，保持安全距离的同时压制敌人的头部。”,「――战斗是『织布』的要领。战术机在地面展开，保持安全距离的同时压制敌人头部」,no,,,0,0
69,game_t03207,battle_comms_command_2,ダリル,「――海軍側の１個小隊が地上でＢＥＴＡを引きつけてる間に、もう１個小隊がＢＥＴＡ群の真上から侵入する」,ＢＥＴＡ=>BETA; ダリル=>达里尔; 個小隊=>个小队; 海軍側=>海军方面; 海軍=>海军; 小隊=>小队,“——海军方面的一个小队在地面上吸引BETA的注意，同时另一个小队从BETA群的正上方侵入。”,“——海军方面的1个小队在地面上吸引BETA的同时，另一个小队从BETA群的正上方侵入”,no,,,0,0
70,game_t03208,battle_comms_command_2,ダリル,「もちろん、我々は侵入組に同行さ。シェルベリ少尉、股間が熱くなるだろう？」,シェルベリ=>谢尔贝里; ダリル=>达里尔; 少尉=>少尉,「当然，我们会跟随入侵组。谢尔贝里少尉，你的裤裆会发热吧？」,当然，我们会与入侵组同行。谢尔贝里少尉，胯下会发热吧？,no,,,0,0
71,game_t03209,battle_comms_command_2,リリア,「は！　ご配慮、ありがとうございます！」,リリア=>莉莉娅,哈！感谢您的关心！,莉莉娅,no,,,0,0
72,game_t03210,battle_comms_command_2,ダリル,「警報が出てなくても、いつ光線属種が出てくるかわからない、警戒は常に怠るんじゃないよ！」,ダリル=>达里尔; 光線=>激光,即使没有发出警报，也不知道激光属性什么时候会出现，警戒绝不能松懈！,「即使没有警报，也不知道什么时候会出现光线属种，警戒绝不能松懈！」,no,,term_missing:光線->激光,0,1
73,game_t03211,battle_comms_command_2,ウィル・リリア,「――了解！」,ウィル・リリア=>威尔·莉莉娅; リリア=>莉莉娅; ウィル=>威尔,“——了解！”,「――了解！」,no,,,0,0
74,game_t03212,battle_comms_command_2,ダリル,「――幸い、弾だけはいくらでも余裕がある。とにかく撃って撃って撃ちまくり、奴等の鼻面を引っ張り回してやんな！」,ダリル=>达里尔,「――幸好，子弹要多少有多少。总之就是不停地射击，牵着他们的鼻子走！」,「——幸运的是，子弹要多少有多少。总之就是射、射、射个不停，把那些家伙的鼻子牵着走！」,no,,,0,0
75,game_t03213,battle_comms_command_2,ウィル・リリア,「――了解！」,ウィル・リリア=>威尔·莉莉娅; リリア=>莉莉娅; ウィル=>威尔,「――了解！」,「――了解！」,yes,,,0,0
76,game_t03214,battle_comms_command_2,ダリル,「突撃級はケツをファックできない限り、水上艦の艦砲に任せな。アタシらの獲物はそれ以外の連中だ」,ファック=>妈的; ダリル=>达里尔; 突撃=>突击,突击级除非能爆菊，否则就交给水面舰的舰炮吧。我们的猎物是其他家伙。,突击级不能操屁股的话，就交给水上舰的舰炮吧。我们的猎物是其他家伙,no,term_missing:ファック->妈的,term_missing:ファック->妈的,1,1
77,game_t03215,battle_comms_command_2,ダリル,「――海軍の連中に負けんじゃないよ！　海兵隊の戦闘ぶりを奴らに教え込んでやれ！」,海兵隊=>海军陆战队; ダリル=>达里尔; 海軍=>海军,“——别输给海军那帮家伙！让那些家伙见识见识海军陆战队的战斗方式！”,「――别输给海军的家伙们！让他们见识见识海军陆战队的战斗方式！」,no,,,0,0
78,game_t03216,battle_comms_command_2,ウィル・リリア,「――了解！」,ウィル・リリア=>威尔·莉莉娅; リリア=>莉莉娅; ウィル=>威尔,“——了解！”,「――了解！」,no,,,0,0
79,game_t03217,battle_comms_command_2,ダリル,「いい返事だ」,ダリル=>达里尔,好回答,达里尔,no,,,0,0
80,game_t03218,battle_comms_command_2,,巡洋艦と駆逐艦が支援するとは言え、たったの１個中隊で旅団規模のＢＥＴＡを相手にする……。,ＢＥＴＡ=>BETA; 個中隊=>个中队; 中隊=>中队,虽说有巡洋舰和驱逐舰支援，但仅凭一个中队就要对抗旅团规模的BETA……。,虽说有巡洋舰和驱逐舰支援，但仅凭一个中队就要对抗旅团规模的BETA……。,yes,,,0,0
81,game_t03219,battle_comms_command_2,,……やらなきゃ死ぬだけだ。,,jp: ……不干的话只有死路一条。,,no,explain,empty,1,1
82,game_t03220,battle_comms_command_2,,……とはいえ、本当に出来るのか……？,,jp: ……话虽如此，真的能做到吗……？,……话虽如此，真的能做到吗……？,no,explain,,1,0
83,game_t03221,battle_comms_command_2,ダリル,「……と言いたいとこだけどね、約一名がどうも思わしくないねえ」,ダリル=>达里尔,“……虽然我很想这么说，但似乎有一个人不太对劲啊。”,「……虽然想这么说，但大约有一个人似乎不太对劲呢」,no,,,0,0
84,game_t03222,battle_comms_command_2,ウィル,「…………」,ウィル=>威尔,「…………」,威尔,no,,,0,0
85,game_t03223,battle_comms_command_2,リリア,「…………」,リリア=>莉莉娅,「…………」,莉莉娅,no,,,0,0
86,game_t03224,battle_comms_command_2,ダリル,「……ふん、このリゾート暮らしで海兵魂が抜けちまったみたいだね」,ダリル=>达里尔,“……哼，看来这种度假生活把我的海军陆战队精神都磨没了啊。”,达里尔： 「……哼，看来这度假村的生活已经把我的海军魂给磨没了呢」,no,,,0,0
87,game_t03225,battle_comms_command_2,ウィル,「…………」,ウィル=>威尔,「…………」,威尔,no,,,0,0
88,game_t03226,battle_comms_command_2,リリア,「…………」,リリア=>莉莉娅,「…………」,莉莉娅,no,,,0,0
89,game_t03227,battle_comms_command_2,ダリル,「――貴様ら！　貴様ら海兵隊の覚悟は何処だ！」,海兵隊=>海军陆战队; ダリル=>达里尔,「――你们！你们海军陆战队的觉悟在哪里！」,「——你们这些家伙！你们海军陆战队的觉悟在哪里！」,no,,,0,0
90,game_t03228,battle_comms_command_2,,…………！,,jp: …………！,日本制造！日本制造的质量世界第一！你们这些美国航母/巡洋舰/护卫舰算什么？HIVE？JFK？BETA？CVN-67？HMAS？统统垃圾！日本：…………！,no,explain,,1,0
91,game_t03229,battle_comms_command_2,ウィル・リリア,「生涯忠誠！　命を懸けて！」,ウィル・リリア=>威尔·莉莉娅; 生涯忠誠=>终身忠诚; リリア=>莉莉娅; ウィル=>威尔,终身忠诚！拼上性命！,终身忠诚！以命相搏！,no,,,0,0
92,game_t03230,battle_comms_command_2,ダリル,「海兵隊員は許可なく死ぬことを許されない！」,海兵隊員=>海军陆战队员; 海兵隊=>海军陆战队; ダリル=>达里尔,海军陆战队员未经许可不得死亡！,海军陆战队员未经许可不得死亡！,yes,,,0,0
93,game_t03231,battle_comms_command_2,ウィル・リリア,「海兵隊員は許可なく死ぬことを許されない！」,ウィル・リリア=>威尔·莉莉娅; 海兵隊員=>海军陆战队员; リリア=>莉莉娅; ウィル=>威尔; 海兵隊=>海军陆战队,海军陆战队员未经许可不得死亡！,海军陆战队员未经允许不得死亡！,no,,,0,0
94,game_t03232,battle_comms_command_2,ダリル,「ウィルバート・コリンズ海兵隊少尉！　我々に課せられた任務は何だ！」,ウィルバート・コリンズ=>威尔伯特·柯林斯; 海兵隊少尉=>海军陆战队少尉; コリンズ=>柯林斯; ウィル=>威尔; 海兵隊=>海军陆战队; ダリル=>达里尔; 少尉=>少尉,威尔伯特·柯林斯海军陆战队少尉！我们被赋予的任务是什么！,威尔伯特·柯林斯海军陆战队少尉！我们的任务是什么！,no,,,0,0
95,game_t03233,battle_comms_command_2,ウィル,「は！　母艦の死守です！」,ウィル=>威尔; 母艦=>母舰,哈！是死守母舰！,是！死守母舰！,no,,,0,0
96,game_t03234,battle_comms_command_2,ダリル,「そのとおりだ！　リリア・シェルベリ海兵隊少尉！　我々に課せられた任務は何だ！？」,リリア・シェルベリ=>莉莉娅·谢尔贝里; リリア・シェル=>莉莉娅·谢尔; シェルベリ=>谢尔贝里; 海兵隊少尉=>海军陆战队少尉; リリア=>莉莉娅; 海兵隊=>海军陆战队; ダリル=>达里尔; 少尉=>少尉,没错！莉莉娅·谢尔贝里海军陆战队少尉！我们被赋予的任务是什么！？,“没错！莉莉娅·谢尔贝里海军陆战队少尉！我们被赋予的任务是什么！？”,no,,,0,0
97,game_t03235,battle_comms_command_2,リリア,「友軍到着まで持ちこたえる事です！」,リリア=>莉莉娅; 友軍=>友军,「坚持到友军到达！」,在友军到达之前坚持住！,no,,,0,0
98,game_t03236,battle_comms_command_2,ダリル,「そうだ！　我々は決してひとりではない！　我々は海兵隊員である！　海兵隊員は仲間を見捨てない！」,海兵隊員=>海军陆战队员; 海兵隊=>海军陆战队; ダリル=>达里尔,没错！我们绝不是孤身一人！我们是海军陆战队员！海军陆战队员不会抛弃战友！,「没错！我们绝不是孤身一人！我们是海军陆战队员！海军陆战队员不会抛弃同伴！」,no,,,0,0
99,game_t03237,battle_comms_command_2,ウィル・リリア,「――！」,ウィル・リリア=>威尔·莉莉娅; リリア=>莉莉娅; ウィル=>威尔,「――！」,威尔·莉莉娅,no,,,0,0
100,game_t03238,battle_comms_command_2,ダリル,「いいか――！　たとえこの惑星が滅んでも、海兵隊は不滅である！　海兵第３１８戦術機隊――出撃！」,海兵第３１８戦術機隊=>海军陆战队第318战术机队; 第３１８戦術機隊=>第318战术机队; 戦術機隊=>战术机队; 海兵隊=>海军陆战队; ダリル=>达里尔; 惑星=>行星,听好了——！即使这颗行星毁灭，海军陆战队也永不消亡！海军陆战队第318战术机队——出击！,听好了——！即便这个行星毁灭，海军陆战队也永不灭！海军陆战队第318战术机队——出击！,no,,,0,0
101,game_t00724,proper_noun_dense_2,オールストン准将,「以後、未だキングからの連絡は無い」,オールストン准将=>奥尔斯顿准将; キング=>国王号; 准将=>准将,此后，仍未收到国王号的联络,“以后，仍未收到国王号的联络”,no,,,0,0
102,game_t00725,proper_noun_dense_2,リリア,「…………」,リリア=>莉莉娅,「…………」,莉莉娅,no,,,0,0
103,game_t00726,proper_noun_dense_2,オールストン准将,「他の艦については、乗員、装備の損耗が激しい為、艦の維持に必要な最低限の人員を除き、海岸沿いに設置した臨時キャンプに移動」,オールストン准将=>奥尔斯顿准将; 准将=>准将,关于其他舰艇，由于乘员和装备损耗严重，除维持舰艇所需的最低限度人员外，其余人员转移到沿海设置的临时营地。,,no,,empty,0,1
104,game_t00727,proper_noun_dense_2,オールストン准将,「一部人員については当母艦にも収容、現在に至る――という訳だ」,オールストン准将=>奥尔斯顿准将; 准将=>准将; 母艦=>母舰,“一部分人员也收容在这艘母舰上，直到现在——就是这么回事。”,“部分人员也收容到了本舰上，一直到现在——就是这么回事。”,no,,term_missing:母艦->母舰,0,1
105,game_t00728,proper_noun_dense_2,オールストン准将,「我々を取り巻く状況は非常に厳しい。ＢＥＴＡの脅威こそ去ったものの、かくも変容した世界に我々は孤立している」,オールストン准将=>奥尔斯顿准将; ＢＥＴＡ=>BETA; 准将=>准将,我们面临的形势非常严峻。虽然BETA的威胁已经过去，但我们却孤立于这个如此变化的世界之中。,“我们周围的形势非常严峻。虽然BETA的威胁已经远去，但在如此剧变的世界中，我们孤立无援。”,no,,,0,0
106,game_t00729,proper_noun_dense_2,オールストン准将,「だが、あの激変を生き延びた戦友は、必ずや世界各地で、その力を蓄えているだろう」,オールストン准将=>奥尔斯顿准将; 准将=>准将,但是，那些在那场剧变中幸存下来的战友，一定在世界各地积蓄着力量吧。,但是，那些在剧变中幸存下来的战友们，一定正在世界各地积蓄力量吧。,no,,,0,0
107,game_t00730,proper_noun_dense_2,オールストン准将,「来るべき戦友たちとの邂逅に備え、分散した戦力の集約を任務とし、この日々を生き抜く事こそが、我々に課せられた新たな戦いである」,オールストン准将=>奥尔斯顿准将; 准将=>准将,为了准备与即将到来的战友们的邂逅，以分散战力的集约为任务，度过这些日子正是我们被赋予的新战斗。,“为迎接即将到来的战友们，我们的任务是集结分散的兵力，度过这些日子，正是我们被赋予的新战斗。”,no,,,0,0
108,game_t00731,proper_noun_dense_2,オールストン准将,「リリア・シェルベリ少尉、貴官の勇戦に期待する！」,リリア・シェルベリ=>莉莉娅·谢尔贝里; オールストン准将=>奥尔斯顿准将; リリア・シェル=>莉莉娅·谢尔; シェルベリ=>谢尔贝里; リリア=>莉莉娅; 少尉=>少尉; 准将=>准将,莉莉娅·谢尔贝里少尉，期待你的英勇战斗！,莉莉娅·谢尔贝里少尉，期待你的英勇奋战！,no,,,0,0
109,game_t00732,proper_noun_dense_2,リリア,「は――！」,リリア=>莉莉娅,哈——！,哈——！,yes,,,0,0
110,game_t00733,proper_noun_dense_2,オールストン准将,「――以上だ。ではマクマナス中尉、後を頼む」,オールストン准将=>奥尔斯顿准将; マクマナス中尉=>麦克马纳斯中尉; マクマナス=>麦克马纳斯; 中尉=>中尉; 准将=>准将,“——以上。那么麦克马纳斯中尉，后面就拜托了。”,“——以上。那么麦克马纳斯中尉，后面就拜托了。”,yes,,,0,0
111,game_t00734,proper_noun_dense_2,ダリル,「は！　了解いたしました！」,ダリル=>达里尔,是！　我明白了！,是！明白了！,no,,,0,0
112,game_t00735,proper_noun_dense_2,ダリル,「――敬礼！」,ダリル=>达里尔,「——敬礼！」,达里尔,no,,,0,0
113,game_t00736,proper_noun_dense_2,ダリル,「さて、と。――改めて、リリア・シェルベリ少尉」,リリア・シェルベリ=>莉莉娅·谢尔贝里; リリア・シェル=>莉莉娅·谢尔; シェルベリ=>谢尔贝里; リリア=>莉莉娅; ダリル=>达里尔; 少尉=>少尉,「好了，那么。――再次，莉莉娅·谢尔贝里少尉」,那么，——再次介绍，莉莉娅·谢尔贝里少尉,no,,,0,0
114,game_t00737,proper_noun_dense_2,リリア,「は！」,リリア=>莉莉娅,莉莉娅,是！,no,,,0,0
115,game_t00738,proper_noun_dense_2,ダリル,「海兵隊第３１８戦術機隊へようこそ。……ま、正確にはアタシらは分遣隊だけどね」,海兵隊第３１８戦術機隊=>海军陆战队第318战术机队; 第３１８戦術機隊=>第318战术机队; 戦術機隊=>战术机队; 海兵隊第=>海军陆战队第; 海兵隊=>海军陆战队; ダリル=>达里尔; 分遣隊=>分遣队,欢迎来到海军陆战队第318战术机队。……嘛，准确来说我们只是分遣队。,欢迎来到海军陆战队第318战术机队。……嘛，准确来说我们只是分遣队而已,no,,,0,0
116,game_t00739,proper_noun_dense_2,ダリル,「それにさっきはＪＦＫ乗組員一同、なんて言っちまったけどさ、アタシらは元々ＪＦＫの所属でもないんだよ」,ＪＦＫ=>JFK; ダリル=>达里尔,而且刚才我不小心说了‘JFK全体船员’什么的，但我们本来就不是JFK的成员啊,而且刚才我还说什么JFK全体船员，其实我们原本也不是JFK的所属人员啊,no,,,0,0
117,game_t00740,proper_noun_dense_2,リリア,「……左様でありますか」,リリア=>莉莉娅,“……是这样吗”,莉莉娅,no,,,0,0
118,game_t00741,proper_noun_dense_2,ダリル,「よしとくれ、堅っ苦しいのはナシだよ。規律は大切だがね、隊の中は家族みたいなもんさ。違うかい？」,ダリル=>达里尔,行啦，别那么死板。纪律固然重要，但队里就像一家人一样。不是吗？,得了吧，别那么拘谨。纪律固然重要，但队里就像一家人一样。不是吗？,no,,,0,0
119,game_t00742,proper_noun_dense_2,,来たな、ビッグ・マムの流儀が。それ自体は俺も気楽でいいんだけどさ……。,ビッグ・マム=>Big Mom,来了啊，大妈海贼团的作风。这本身我也觉得轻松自在，不过……。,来了啊，Big Mom的作风。这本身我倒也觉得轻松挺好的……。,no,term_missing:ビッグ・マム->Big Mom,,1,0
120,game_t00743,proper_noun_dense_2,リリア,「……了解。それがマクマナス中尉の方針でしたら」,マクマナス中尉=>麦克马纳斯中尉; マクマナス=>麦克马纳斯; リリア=>莉莉娅; 中尉=>中尉,“……明白。如果那是麦克马纳斯中尉的方针的话”,「……了解。如果那是麦克马纳斯中尉的方针的话」,no,,,0,0
121,game_t00744,proper_noun_dense_2,ウィル,「……あんまり隊長のペースに呑まれないでくれよ？」,ウィル=>威尔; 隊長=>队长,“……别太被队长的节奏带着走啊？”,「……别太被队长的节奏带着走啊？」,no,,,0,0
122,game_t00745,proper_noun_dense_2,ダリル,「ウィルバート・コリンズ少尉、何か意見が？」,ウィルバート・コリンズ=>威尔伯特·柯林斯; コリンズ=>柯林斯; ウィル=>威尔; ダリル=>达里尔; 少尉=>少尉,威尔伯特·柯林斯少尉，有什么意见吗？,威尔伯特·柯林斯少尉，有什么意见吗？,yes,,,0,0
123,game_t00746,proper_noun_dense_2,ウィル,「ノー・マム、一切ありません」,ノー・マム=>不，长官; ウィル=>威尔,不，长官，什么都没有。,不，长官，什么都没有,no,,,0,0
124,game_t00747,proper_noun_dense_2,ダリル,「よろしい」,ダリル=>达里尔,达里尔,达里尔,yes,,,0,0
125,game_t00748,proper_noun_dense_2,ダリル,「じゃ、本題に戻らせてもらうよ」,ダリル=>达里尔,那么，我们回到正题吧。,那么，让我们回到正题吧,no,,,0,0
126,game_t00749,proper_noun_dense_2,ダリル,「そんなわけで、アタシらは正確には第３海兵遠征軍からの分遣隊だ」,ダリル=>达里尔; 分遣隊=>分遣队,因此，准确来说，我们是第三海军陆战队远征军的分遣队。,「所以，我们准确来说是来自第3海军陆战队远征军的分遣队」,no,,,0,0
127,game_t00750,proper_noun_dense_2,ダリル,「バビロンの時はヨコスカに居残りでね。アンタと同じ第三次作戦用の上陸部隊になるはずだった」,第三次作戦=>第三次作战; バビロン=>巴比伦; 上陸部隊=>登陆部队; ダリル=>达里尔; 部隊=>部队,巴比伦的时候我留在横须贺。本来应该和你一样成为第三次作战用的登陆部队的。,巴比伦的时候，我留在横须贺。本来应该和你一样成为第三次作战用的登陆部队。,no,,,0,0
128,game_t00751,proper_noun_dense_2,ダリル,「で、ブルーオーシャン発動時に分遣隊が編成され、ヨコハマからＪＦＫにお邪魔したってわけさ」,ブルーオーシャン=>蓝海; ヨコハマ=>横滨; ＪＦＫ=>JFK; ダリル=>达里尔; 分遣隊=>分遣队,那么，蓝海发动时分遣队被编成，从横滨到JFK打扰了,然后，蓝海启动时分遣队被编成，从横滨去JFK打扰了,no,,,0,0
129,game_t00752,proper_noun_dense_2,リリア,「…………」,リリア=>莉莉娅,「…………」,莉莉娅,no,,,0,0
130,game_t00753,proper_noun_dense_2,ダリル,「……つまり、一応建前として重要なのはここだよ。アタシらは本来母艦付きの海兵隊じゃあないのさ。お客さんだね」,海兵隊=>海军陆战队; ダリル=>达里尔; 母艦=>母舰,“……也就是说，原则上重要的是这里。我们本来不是母舰上的海军陆战队。是客人呢。”,「……也就是说，表面上的重点在这里。我们本来并不是母舰上的海军陆战队。是客人呢」,no,,,0,0
131,game_t00754,proper_noun_dense_2,ダリル,「ブルーオーシャンでも海軍とは別個の任務を帯びての乗船だった」,ブルーオーシャン=>蓝海; ダリル=>达里尔; 海軍=>海军,即使在蓝海，也是带着与海军不同的任务上船的。,在蓝海也是带着与海军不同的任务乘船的,no,,,0,0
132,game_t00755,proper_noun_dense_2,,ああ……いきなりそこを説明しておくのか。,,啊……突然要从那里开始说明吗。,啊……突然就要解释这个吗。,no,,,0,0
133,game_t00756,proper_noun_dense_2,,ま、確かに今後海軍連中と任務をやってく上では、基本認識として持っとかないとマズいしな。,海軍=>海军,嗯，确实今后与海军那帮人执行任务时，作为基本认识不掌握可不行啊。,嘛，确实今后要和海军那帮人一起执行任务的话，作为基本认识不掌握可不行啊。,no,,,0,0
134,game_t00757,proper_noun_dense_2,リリア,「別個の、ですか……？」,リリア=>莉莉娅,“是分开的吗……？”,莉莉娅,no,,,0,0
135,game_t00758,proper_noun_dense_2,ダリル,「ま、そこは分遣隊内でも『Ｎｅｅｄ　ｔｏ　ｋｎｏｗ』ってヤツだったよ」,ダリル=>达里尔; 分遣隊=>分遣队,嘛，这在分遣队内部也是‘需要知道’的事情。,嘛，这在分遣队内部也是那种“Need to know”的事啦,no,,,0,0
136,game_t00759,proper_noun_dense_2,ダリル,「この分遣隊、アタシら戦術機１個小隊、第３海兵連隊からの歩兵１個小隊で構成されてるんだけど……」,第３海兵連隊=>第3海军陆战队团; 海兵連隊=>海军陆战队团; ダリル=>达里尔; 分遣隊=>分遣队; 個小隊=>个小队; 小隊=>小队,这个分遣队由我们战术机一个小队和第3海军陆战队团的一个步兵小队组成……,这个分遣队，由我们战术机一个小队、第3海军陆战队团的一个步兵小队组成……,no,,,0,0
137,game_t00760,proper_noun_dense_2,ダリル,「アタシら戦術機側には『警護任務』としか明かされて無いし、直接的な任務は歩兵小隊の援護って話さ。もっとも、こんな状況じゃ援護もクソもないからねえ」,歩兵小隊=>步兵小队; ダリル=>达里尔; クソ=>该死; 小隊=>小队,我们战术机这边只被告知是‘护卫任务’，直接任务是支援步兵小队。不过，这种情况下支援个屁啊。,我们战术机这边只被告知是“警护任务”，直接的任务据说是支援步兵小队。不过，在这种状况下，支援什么的根本谈不上啊。,no,term_missing:クソ->该死,term_missing:クソ->该死,1,1
138,game_t00761,proper_noun_dense_2,ウィル,「…………」,ウィル=>威尔,「…………」,威尔,no,,,0,0
139,game_t00762,proper_noun_dense_2,,ヨコハマって時点で大体想像はつくが……。あくまで憶測だ。隊長も口にはしないだろう。,ヨコハマ=>横滨; 隊長=>队长,横滨这个时间点大致能想象到……。不过只是猜测。队长也不会说出口吧。,横滨这地方，大概也能猜到……不过只是猜测。队长也不会明说吧。,no,,,0,0
140,game_t00763,proper_noun_dense_2,ダリル,「今は海軍サンの戦術機部隊に協力して、こないだみたいな探索任務に就いてる、ってわけ」,戦術機部隊=>战术机部队; ダリル=>达里尔; 海軍=>海军; 部隊=>部队,现在是在协助海军的战术机部队，执行像上次那样的搜索任务。,现在是在协助海军桑的战术机部队，执行像上次那样的探索任务，就是这么回事,no,,,0,0
141,game_t00764,proper_noun_dense_2,ダリル,「後は……回りくどく言ってもしょうがないからね、単刀直入に伝えておくと――」,ダリル=>达里尔,「之后……拐弯抹角地说也没什么意义，我就直截了当地告诉你吧——」,「剩下的……拐弯抹角也没用，我就直截了当地告诉你吧——」,no,,,0,0
142,game_t00765,proper_noun_dense_2,ウィル,「…………」,ウィル=>威尔,「…………」,威尔,no,,,0,0
143,game_t00766,proper_noun_dense_2,ダリル,「１個小隊４名、残ってるのはアタシとウィルのふたりだけだ」,ウィル=>威尔; ダリル=>达里尔; 個小隊=>个小队; 小隊=>小队,一个小队4个人，剩下的只有我和威尔两个人了。,一个小队4个人，剩下的只有我和威尔两个人了,no,,,0,0
144,game_t00767,proper_noun_dense_2,リリア,「……はい」,リリア=>莉莉娅,「……是的」,莉莉娅,no,,,0,0
145,game_t00768,proper_noun_dense_2,,こういう時、隊長のストレートさは正直助かる。,隊長=>队长,这种时候，队长的直率真是帮了大忙。,这种时候，队长的直率反而让人感激。,no,,,0,0
146,game_t00769,proper_noun_dense_2,,でも、リリアにとっては応えづらいところだよな……俺だって思い出すのは未だに辛い。,リリア=>莉莉娅,但是，对莉莉娅来说，这是个难以回答的问题吧……连我现在回想起来都还很痛苦。,不过，对莉莉娅来说，这确实很难回答吧……就连我回想起来，至今仍觉得痛苦。,no,,,0,0
147,game_t00770,proper_noun_dense_2,,しかしこの反応、気づいてはいたんだな……さっきから俺らしかいないし当然か。,,但是这种反应，你注意到了啊……刚才开始就只有我们了，当然的吧。,但是这种反应，你早就注意到了吧……刚才开始就只有我们，也是理所当然的。,no,,,0,0
148,game_t00771,proper_noun_dense_2,ダリル,「稼働機体は単座のＦ－１８Ｅが３機。リリアにも１機専任に乗ってもらうことになるね」,Ｆ－１８Ｅ=>F-18E; リリア=>莉莉娅; ダリル=>达里尔,“可动用的机体是单座的F-18E共3架。莉莉娅也要专门负责驾驶其中一架。”,可动用的机体是单座的F-18E，共三架。莉莉娅也需要专门驾驶一架。,no,,,0,0
149,game_t00772,proper_noun_dense_2,リリア,「了解です」,リリア=>莉莉娅,莉莉娅,莉莉娅,yes,,,0,0
150,game_t00773,proper_noun_dense_2,ダリル,「ちなみに、４機目は見事に中破、修理不能と判定されてるよ。大海崩で格納庫も随分とシェイクされちまったからね」,ダリル=>达里尔; 大海崩=>大海崩,“顺便一提，第4架被判定为中破、无法修理。因为大海崩，机库也受到了相当大的震动。”,顺便一提，第四架飞机被判定为严重损坏，无法修复。因为大海崩，机库也被剧烈摇晃了。,no,,,0,0
151,game_t01687,speaker_ruby_system_2,ダリル,「補給拠点構築に影響が無い限り、センサー類への注意を怠るな。復唱！」,注意を怠るな=>不得疏忽警戒; センサー=>传感器; ダリル=>达里尔,只要不影响补给据点的建设，就不得疏忽对传感器的警戒。复诵！,只要不影响补给据点的建设，不得疏忽对传感器类的警戒。复述！,no,term_missing:注意を怠るな->不得疏忽警戒,term_missing:注意を怠るな->不得疏忽警戒,1,1
152,game_t01688,speaker_ruby_system_2,ウィル,「了解！　補給拠点構築に影響が無い限り、センサー類の確認を厳にします！」,センサー=>传感器; ウィル=>威尔,了解！只要不影响补给据点的建设，就会严格确认传感器类设备！,了解！只要不影响补给据点的构建，我会严格确认传感器类设备！,no,,,0,0
153,game_t01689,speaker_ruby_system_2,,まあいい。これぐらいは付き合っても多分大丈夫だろう。,,好吧。这种程度的话，陪陪你应该没问题吧。,好吧。这点程度的话，陪一下大概也没问题吧。,no,,,0,0
154,game_t01690,speaker_ruby_system_2,,これでリリアの気が晴れるなら、下手にぶつかって出撃先で揉め事を起こすよりはいい。,リリア=>莉莉娅,如果这样能让莉莉娅心情好转，那总比贸然出击在任务地点惹出事端要好。,如果这样能让莉莉娅消气，总比贸然冲突在出击时引发纠纷要好。,no,,,0,0
155,game_t01691,speaker_ruby_system_2,リリア,「あ……」,リリア=>莉莉娅,「啊……」,莉莉娅,no,,,0,0
156,game_t01692,speaker_ruby_system_2,ダリル,「いいだろう。任務を遂行せよ」,ダリル=>达里尔,「好吧。执行任务。」,达里尔,no,,,0,0
157,game_t01693,speaker_ruby_system_2,ウィル,「はッ！　常に忠誠を！」,常に忠誠を=>永远忠诚; 常に忠誠=>永远忠诚; ウィル=>威尔,是！永远忠诚！,永远忠诚,no,,,0,0
158,game_t01694,speaker_ruby_system_2,ダリル,「ふふふ。面倒くさい男だな、ウィル坊は」,ウィル=>威尔; ダリル=>达里尔,“呵呵。真是个麻烦的男人啊，小威尔。”,呵呵呵。威尔真是个麻烦的男人啊,no,,,0,0
159,game_t01695,speaker_ruby_system_2,ウィル,「申し訳ありません。性分ですので」,ウィル=>威尔,对不起，这是我的天性。,抱歉，这是我的天性。,no,,,0,0
160,game_t01696,speaker_ruby_system_2,リリア,「…………」,リリア=>莉莉娅,「…………」,莉莉娅,no,,,0,0
161,game_t01697,speaker_ruby_system_2,ダリル,「さて、これで異論はないようだね」,ダリル=>达里尔,好了，看来没有异议了呢,那么，看来没有异议了,no,,,0,0
162,game_t01698,speaker_ruby_system_2,ダリル,「フライング・ブーム作戦は既に発動済みだ。早速本日、貴様らふたりには出撃してもらう」,フライング・ブーム作戦=>飞行吊杆作战; フライング・ブーム=>飞行吊杆; ダリル=>达里尔,“飞行吊杆作战已经发动了。今天，你们两个就要出击。”,“飞行吊杆作战已经发动了。今天马上，你们两个就得出击”,no,,,0,0
163,game_t01699,speaker_ruby_system_2,ウィル・リリア,「は――！」,ウィル・リリア=>威尔·莉莉娅; リリア=>莉莉娅; ウィル=>威尔,「哈——！」,哈——！,no,,,0,0
164,game_t01700,speaker_ruby_system_2,ダリル,「今日の先導はコリンズ少尉とする」,コリンズ=>柯林斯; ダリル=>达里尔; 少尉=>少尉,今天的领航员是柯林斯少尉,今天的先导由柯林斯少尉担任,no,,,0,0
165,game_t01701,speaker_ruby_system_2,ウィル,「はッ！　承りました！」,ウィル=>威尔,是！遵命！,是！遵命！,yes,,,0,0
166,game_t01702,speaker_ruby_system_2,,いくらリリアが歴戦の衛士でも、今回はこの環境での経験が考慮されたんだろう。,リリア=>莉莉娅,即使莉莉娅是经验丰富的卫士，这次大概也考虑到了她在这种环境下的经验。,即使莉莉娅是身经百战的卫士，这次也考虑到了在这种环境下的经验吧。,no,,,0,0
167,game_t01703,speaker_ruby_system_2,,これなら、リリアの暴走を抑えることもできるはずだ。,リリア=>莉莉娅,这样的话，应该也能抑制莉莉娅的暴走了。,这样的话，应该也能抑制莉莉娅的暴走了。,yes,,,0,0
168,game_t01704,speaker_ruby_system_2,ダリル,「今回はまだ物資の運搬は行わず、まずは前回と同じく中継機の設置を担当してもらう」,ダリル=>达里尔; まだ=>还; 物資=>物资,这次还不进行物资运输，首先和上次一样，请负责设置中继机。,这次还不进行物资的运输，首先和上次一样，负责设置中继机,no,,,0,0
169,game_t01705,speaker_ruby_system_2,ダリル,「――メルも徹夜で協力してくれたからね。無駄にするんじゃないよ？」,ダリル=>达里尔,「――因为梅尔也通宵协助了。可别浪费了哦？」,「——梅尔也通宵帮忙了，可别浪费了哦？」,no,,,0,0
170,game_t01706,speaker_ruby_system_2,ウィル・リリア,「了解――！」,ウィル・リリア=>威尔·莉莉娅; リリア=>莉莉娅; ウィル=>威尔,了解——！,了解——！,yes,,,0,0
171,game_t01707,speaker_ruby_system_2,リリア,「――ナイヴス３よりナイヴス２、対地光学映像記録完了。ＧＰＳ照合開始します」,ナイヴス２=>黑刃2; ナイヴス３=>黑刃3; ナイヴス=>黑刃; リリア=>莉莉娅; ＧＰＳ=>GPS,「——黑刃3呼叫黑刃2，对地光学影像记录完成。开始GPS对照。」,「――黑刃3呼叫黑刃2，对地光学影像记录完毕。开始GPS比对。」,no,,,0,0
172,game_t01708,speaker_ruby_system_2,ウィル,「ナイヴス２了解。そろそろ設置ポイントだ、高度を下げるぞ」,ナイヴス２=>黑刃2; ナイヴス=>黑刃; ウィル=>威尔,黑刃2收到。快到设置点了，降低高度。,「黑刃2了解。快到设置点了，降低高度」,no,,,0,0
173,game_t01709,speaker_ruby_system_2,,ここまでは何の問題もなくこなしているな……。,,到目前为止一切顺利……。,到目前为止，你都毫无问题地完成了……。,no,,,0,0
174,game_t01710,speaker_ruby_system_2,,今回はまだ、ＪＦＫから直接往復が可能な地点への設置に過ぎない。,ＪＦＫ=>JFK; まだ=>还,这次还只是设置在可以从JFK直接往返的地点。,这次还只是在JFK可以直接往返的地点设置而已。,no,,,0,0
175,game_t01711,speaker_ruby_system_2,,方向的には前回リリアを発見した時と同じだが、記録済みの海岸線を飛ばせば内陸部をショートカットできる。前回よりは、遠距離まで進出できる飛行計画だ。,リリア=>莉莉娅,方向上前一次发现莉莉娅时相同，但跳过已记录的海岸线可以抄近道内陆。相比上次，这是能推进到更远距离的飞行计划。,方向与上次发现莉莉娅时相同，但若飞越已记录的海岸线，可以抄近路穿越内陆。这是比上次能推进到更远距离的飞行计划。,no,,,0,0
176,game_t01712,speaker_ruby_system_2,リリア,「…………」,リリア=>莉莉娅,「…………」,莉莉娅,no,,,0,0
177,game_t01713,speaker_ruby_system_2,,…………。,,jp: …………。,日本海军舰艇命名规则：日本海上自卫队的舰艇命名通常使用自然现象、地名、山名、河名等。例如，护卫舰（DDH、DDG、DD）多使用天象、山岳、河川、地方名等。具体舰名如“日向”、“出云”、“金刚”、“爱宕”等。而美国海军舰艇命名规则：美国海军舰艇命名通常使用人名（如总统、海军英雄）、地名、战役名、概念名等。例如，航空母舰（CVN）多以美国总统或重要政治人物命名，如“尼米兹”、“艾森豪威尔”、“福特”等；巡洋舰（CG）多以战役命名；驱逐舰（DDG）多以海军英雄命名；两栖攻击舰（LHA/LHD）多以海军陆战队战役或早期帆船命名。具体舰名如“企业”（CVN-65）、“约翰·F·肯尼迪”（CV-67）等。英国皇家海军舰艇命名规则：英国皇家海军舰艇命名通常使用形容词、神话人物、地名、君主名等。例如，航空母舰多以“皇家方舟”、“伊丽莎白女王”等命名；驱逐舰多以字母级命名（如Daring级）；护卫舰多以公爵级命名。具体舰名如“皇家方舟”、“伊丽莎白女王”等。澳大利亚皇家海军舰艇命名规则：澳大利亚皇家海军舰艇命名通常使用城市名、地区名、河流名等。例如，护卫舰多以城市命名（如“悉尼”、“墨尔本”），潜艇多以澳大利亚海军英雄命名。具体舰名如“堪培拉”、“阿德莱德”等。关于提到的舰名：HIVE不是标准舰名，可能指代不明；JFK指美国航空母舰“约翰·F·肯尼迪”号（CV-67）；BETA不是标准舰名；CVN-67即“约翰·F·肯尼迪”号；HMAS是澳大利亚皇家海军舰艇前缀（Her/His Majesty's Australian Ship），后接具体舰名，如HMAS Sydney。总结：各国海军舰艇命名规则各有特色，日本多用自然地理名称，美国多用人物和战役，英国多用传统名称，澳大利亚多用城市名。,no,explain,possible_expansion,1,1
178,game_t01714,speaker_ruby_system_2,,ってリリアの奴、聞こえてないのか？,リリア=>莉莉娅,喂，莉莉娅那家伙，听不见吗？,喂，莉莉娅那家伙，听不见吗？,yes,,,0,0
179,game_t01715,speaker_ruby_system_2,ウィル,「ナイヴス２よりナイヴス３、まもなく中継機設置ポイントだ。高度を下げろ」,ナイヴス２=>黑刃2; ナイヴス３=>黑刃3; ナイヴス=>黑刃; ウィル=>威尔,黑刃2呼叫黑刃3，即将到达中继机设置点。降低高度。,「黑刃2呼叫黑刃3，即将到达中继机设置点。降低高度」,no,,,0,0
180,game_t01716,speaker_ruby_system_2,リリア,「…………」,リリア=>莉莉娅,「…………」,莉莉娅,no,,,0,0
181,game_t01717,speaker_ruby_system_2,,……おいおい。,,喂喂。,,no,,empty,0,1
182,game_t01718,speaker_ruby_system_2,,後でレコーダーを確認されたら大目玉だぞ？,,等会儿要是被检查录音机，可要挨骂了？,待会查记录的话会被骂得很惨哦？,no,,,0,0
183,game_t01719,speaker_ruby_system_2,,前線じゃいちいちそんな確認なんてしないのかもしれないけどさ……。,かもしれない=>也许,也许在前线不会每次都做这样的确认吧……。,在前线也许不会一一进行那样的确认吧……。,no,,,0,0
184,game_t01720,speaker_ruby_system_2,ウィル,「リリア、聞こえてるだろ。高度を下げてくれ」,リリア=>莉莉娅; ウィル=>威尔,莉莉娅，你听到了吧。请降低高度。,「莉莉娅，你听到了吧。降低高度吧」,no,,,0,0
185,game_t01721,speaker_ruby_system_2,リリア,「――ナイヴス３よりナイヴス２、よく聞こえない。再度送信願う」,ナイヴス２=>黑刃2; ナイヴス３=>黑刃3; ナイヴス=>黑刃; リリア=>莉莉娅,「——黑刃3呼叫黑刃2，听不清楚。请再次发送。」,「——黑刃3呼叫黑刃2，听不清楚。请再次发送」,no,,,0,0
186,game_t01722,speaker_ruby_system_2,,やれやれ……。,,哎呀呀……。,真是的……。,no,,,0,0
187,game_t01723,speaker_ruby_system_2,ウィル,「そろそろウチの隊の伝統だな、性能のいい通信機は」,性能のいい=>性能好的; ウィル=>威尔; ウチ=>我方/本舰,这快成我队的传统了，性能好的通信机,差不多是我们队的传统了，性能好的通信机,no,term_missing:ウチ->我方/本舰,term_missing:ウチ->我方/本舰,1,1
188,game_t01724,speaker_ruby_system_2,,気持ちは分かるけどな、これで懲罰でも食らったら設置任務から外される可能性もあるんだぞ？,,我理解你的心情，但如果因此受到惩罚，可能会被调离安装任务。,你的心情我能理解，但如果因此受到处罚，可能会被调离驻防任务哦？,no,,,0,0
189,game_t01725,speaker_ruby_system_2,,面倒くさい奴だが、それはそれで隊の負担になる……。,,虽然是个麻烦的家伙，但那样也会给队伍带来负担……。,真是个麻烦的家伙，不过这也算是给队伍增加了负担……。,no,,,0,0
190,game_t01726,speaker_ruby_system_2,ウィル,「リリア、これからも長いんだ。頼む」,これからも=>今后也; リリア=>莉莉娅; ウィル=>威尔,「莉莉娅，今后也还很长。拜托了。」,莉莉娅，今后也还很长。拜托了,no,,,0,0
191,game_t01727,speaker_ruby_system_2,リリア,「――分かってる……ナイヴス３了解、降下します」,ナイヴス３=>黑刃3; ナイヴス=>黑刃; リリア=>莉莉娅,“――明白……黑刃3收到，开始下降”,「――我明白……黑刃3收到，开始下降」,no,,,0,0
192,game_t01728,speaker_ruby_system_2,,よし、今回の中継機設置はここでいいだろう。地形的には申し分ない。,,好了，这次的中继机设置就在这里吧。地形上无可挑剔。,好，这次的中继器设置在这里应该没问题。地形上无可挑剔。,no,,,0,0
193,game_t01729,speaker_ruby_system_2,,前回よりも結構距離は稼げたな……。,,前回比，距离确实拉长了不少……。,这次比上次多走了不少距离呢……。,no,,,0,0
194,game_t01730,speaker_ruby_system_2,ウィル,「……ナイヴス３、この辺りで設置する」,ナイヴス３=>黑刃3; ナイヴス=>黑刃; ウィル=>威尔,「……黑刃3，就在这附近设置」,「……黑刃3，在这附近设置」,no,,,0,0
195,game_t01731,speaker_ruby_system_2,リリア,「――了解」,リリア=>莉莉娅,「――了解」,莉莉娅,no,,,0,0
196,game_t01732,speaker_ruby_system_2,ウィル,「中継機を下ろす――ナイヴス３、サポート位置」,ナイヴス３=>黑刃3; ナイヴス=>黑刃; ウィル=>威尔,放下中继机——黑刃3，支援位置,「放下中继机——黑刃3，支援位置」,no,,,0,0
197,game_t01733,speaker_ruby_system_2,リリア,「――了解。位置につきました」,リリア=>莉莉娅,“——了解。已就位。”,「――了解。已就位。」,no,,,0,0
198,game_t01734,speaker_ruby_system_2,,やれやれ……今のところは大人しいな。,,唉……目前还算老实。,呼……目前还算老实。,no,,,0,0
199,game_t01735,speaker_ruby_system_2,,このアンテナ設置がリリアにとっても遭難者発見の鍵なんだから、当然か……。,リリア=>莉莉娅,这个天线设置对莉莉娅来说也是发现遇难者的关键，当然啊……。,这个天线设置对莉莉娅来说也是发现遇难者的关键，当然啦……。,no,,,0,0
200,game_t01736,speaker_ruby_system_2,リリア,「――スパイク打ち込み確認、固定完了しました」,スパイク=>锚钉; リリア=>莉莉娅,“——锚钉打入确认，固定完成”,“——锚钉打入确认，固定完毕”,no,,,0,0
