category,term,count,suggested_cn,suggestion_status,covered_by_existing_glossary,existing_targets,first_call_order,first_egpack,first_id,first_speaker_jp,first_context_jp,decision,confirmed_translation,note
katakana_person,リリア,156,莉莉娅,沿用已有,yes,莉莉娅,240,020_UAF_DAY91_01.egpack,game_t00239,ウィル,「良かった…\w…\wもう大丈夫ですよ、\wえーと、\wリリア…\w…\w」,,莉莉娅,
katakana_person,ウィル,128,威尔,沿用已有,yes,威尔,29,020_UAF_DAY91_01.egpack,game_t00028,中尉,「悪くない飛び方だったな、\wウィル。滑らかに穏やかに」,,威尔,
kanji_place_or_military_org,隊長,77,队长,沿用已有,yes,队长,105,020_UAF_DAY91_01.egpack,game_t00104,ウィル,「――隊長、\wこれってまさか」,,队长,
kanji_person_or_rank_name,少尉,70,少尉,沿用已有,yes,少尉,40,020_UAF_DAY91_01.egpack,game_t00039,マクマナス中尉,「おやおや、\w泣き言には早すぎだねえ少尉」,,少尉,
latin_or_acronym,ＪＦＫ,59,JFK,沿用已有,yes,JFK,282,020_UAF_DAY91_01.egpack,game_t00281,リリア,「そんな…\w…\wだって、\wＪＦＫは…\w…\w」,,JFK,
katakana_callsign_or_unit,ナイヴス２,53,黑刃2,建议,yes,黑刃2,21,020_UAF_DAY91_01.egpack,game_t00020,少尉,「…\w…\wナイヴス２よりナイヴス１。予定地点到達まで後１２０秒」,,黑刃2,
latin_or_acronym,ＢＥＴＡ,50,BETA,沿用已有,yes,BETA,528,020_UAF_DAY91_01.egpack,game_t00527,,合衆国の力の象徴にして、\wかつてＢＥＴＡに抗した人類の希望。,,BETA,
kanji_place_or_military_org,海兵隊,38,海军陆战队,沿用已有,yes,海军陆战队,214,020_UAF_DAY91_01.egpack,game_t00213,,嘘だろ…\w…\wこの広い海で、\w運良く発見した相手が海兵隊の仲間だって…\w…\w！？,,海军陆战队,
katakana_callsign_or_unit,ナイヴス１,35,黑刃1,建议,yes,黑刃1,21,020_UAF_DAY91_01.egpack,game_t00020,少尉,「…\w…\wナイヴス２よりナイヴス１。予定地点到達まで後１２０秒」,,黑刃1,
kanji_person_or_rank_name,中尉,32,中尉,沿用已有,yes,中尉,32,020_UAF_DAY91_01.egpack,game_t00031,ウィル,「了解です、\wマクマナス中尉。――中尉を扱うように丁寧に心掛けます」,,中尉,
katakana_callsign_or_unit,ナイヴス３,30,黑刃3,建议,yes,黑刃3,1251,040_UAF_DAY94_01.egpack,game_t01250,リリア,「――ナイヴス３、\w予備システム、\w起動します」,,黑刃3,
kanji_person_or_rank_name,艦長,26,舰长,沿用已有,yes,舰长,583,030_UAF_DAY93_01.egpack,game_t00582,ウィル,「あ、\wああ、\wえーと…\w…\w。まずは艦長がお会いになるとのことで、\w自分が案内を命じられております」,,舰长,
kanji_place_or_military_org,海兵隊員,23,海军陆战队员,沿用已有,yes,海军陆战队员,87,020_UAF_DAY91_01.egpack,game_t00086,,海兵隊員、\w第３１８戦術機隊は諦めない、\wだ。,,海军陆战队员,
katakana_foreign_word,ソルティ・ベース,19,索尔蒂基地,沿用已有,yes,索尔蒂基地,113,020_UAF_DAY91_01.egpack,game_t00112,ダリル,「ナイヴス１よりソルティ・ベース、\w聞こえるかい？」,,索尔蒂基地,
katakana_person,リリア・シェルベリ,19,莉莉娅·谢尔贝里,沿用已有,yes,莉莉娅·谢尔贝里,242,020_UAF_DAY91_01.egpack,game_t00241,リリア,「…\w…\w第２６海兵戦術機甲群所属、\wリリア・シェルベリ少尉です。座ったまま失礼します」,,莉莉娅·谢尔贝里,
katakana_foreign_word,シェルベリ,18,谢尔贝里,沿用已有,yes,谢尔贝里,284,020_UAF_DAY91_01.egpack,game_t00283,ダリル,「アタシらも漂流の身なのさ。シェルベリ少尉よりは遥かにマシだろうけどね」,,谢尔贝里,
katakana_foreign_word,シドニー,18,悉尼,沿用已有,yes,悉尼,720,030_UAF_DAY93_01.egpack,game_t00719,オールストン准将,「シドニー側指揮官と協議の結果、\w一時的に多国籍軍を編成、\w彼らもまた我々の指揮下に入る事になった」,,悉尼,
kanji_place_or_military_org,海軍,17,海军,沿用已有,yes,海军,84,020_UAF_DAY91_01.egpack,game_t00083,ダリル,「そりゃ設置するまでの話だ。わざわざ推進剤噴かして据え付けたんだ。当たりを引きゃあ海軍の連中にも顔が立つ。違うかい？」,,海军,
katakana_foreign_word,ハワイ,16,夏威夷,沿用已有,yes,夏威夷,452,020_UAF_DAY91_01.egpack,game_t00451,ウィル,「南太平洋…\w…\w。座標で言うとオーストラリアとハワイの中間くらいだ」,,夏威夷,
katakana_person,ダリル,14,达里尔,沿用已有,yes,达里尔,42,020_UAF_DAY91_01.egpack,game_t00041,マクマナス中尉,「ほう、\wこのダリル姐さんに向かって言うじゃないか」,,达里尔,
kanji_place_or_military_org,戦術機部隊,13,战术机部队,沿用已有,yes,战术机部队,764,030_UAF_DAY93_01.egpack,game_t00763,ダリル,「今は海軍サンの戦術機部隊に協力して、\wこないだみたいな探索任務に就いてる、\wってわけ」,,战术机部队,
kanji_place_or_region,合衆国,13,合众国,沿用已有,yes,合众国,88,020_UAF_DAY91_01.egpack,game_t00087,ダリル,「まったく…\w…\w、\w合衆国の正規母艦様がこんなモノに頼らなきゃいけないとはねえ」,,合众国,
kanji_place_or_region,衛星,12,卫星,沿用已有,yes,卫星,854,030_UAF_DAY93_01.egpack,game_t00853,リリア,「はい。…\w…\w艦長からも本艦位置情報のお話がありましたが、\wＧＰＳ衛星は健在なのでしょうか？」,,卫星,
katakana_military_or_foreign,ブルーオーシャン,12,蓝海,沿用已有,yes,蓝海,674,030_UAF_DAY93_01.egpack,game_t00673,オールストン准将,「貴官が今この場所にいる事、\wその事実こそが、\w『ブルーオーシャン作戦』における貴官の勇敢を示すものに他ならない」,,蓝海,
latin_or_acronym,ＧＰＳ,11,GPS,沿用已有,yes,GPS,27,020_UAF_DAY91_01.egpack,game_t00026,少尉,「対地光学映像記録完了、\wＧＰＳ照合に回します。…\w…\w元の座標データじゃ深海層か」,,GPS,
kanji_place_or_military_org,ブルーオーシャン作戦,10,蓝海作战,沿用已有,yes,蓝海作战,674,030_UAF_DAY93_01.egpack,game_t00673,オールストン准将,「貴官が今この場所にいる事、\wその事実こそが、\w『ブルーオーシャン作戦』における貴官の勇敢を示すものに他ならない」,,蓝海作战,
katakana_foreign_word,データリンク,10,数据链,沿用已有,yes,数据链,99,020_UAF_DAY91_01.egpack,game_t00098,,おかげでデータリンクもまともに機能しない――。,,数据链,
katakana_foreign_word,バビロン,9,巴比伦,沿用已有,yes,巴比伦,12,010_UAFプロローグ.egpack,game_t00011,テイラー大将,「北米航空宇宙防衛司令部より国連統合参謀会議へ。『マルドゥークはバビロンの鍵を得たり』」,,巴比伦,
katakana_foreign_word,ビッグ・マム,9,Big Mom,沿用已有,yes,Big Mom,743,030_UAF_DAY93_01.egpack,game_t00742,,来たな、\wビッグ・マムの流儀が。それ自体は俺も気楽でいいんだけどさ…\w…\w。,,Big Mom,
kanji_place_or_military_org,米国人,8,美国人,沿用已有,yes,美国人,837,030_UAF_DAY93_01.egpack,game_t00836,ダリル,「ま、\wどんな状況でも快楽…\w…\wもとい心身の健康を追求するのが米国人のイイとこだよ」,,美国人,
kanji_place_or_region,本国,8,本国,沿用已有,yes,本国,678,030_UAF_DAY93_01.egpack,game_t00677,オールストン准将,「追って説明するが、\w現在我々は、\w未だ本国との連絡に成功していない。すなわち、\wブルーオーシャン作戦は今なお継続中ということである」,,本国,
katakana_callsign_or_unit,ブラック・ナイヴス,8,黑刃,建议,yes,黑刃,153,020_UAF_DAY91_01.egpack,game_t00152,ウィル,「こちら米国海兵隊第３１８戦術歩行戦闘機隊\n『ブラック・ナイヴス』、\w救難信号を受信しました。\n聞こえていたら応答願います」,,黑刃,
katakana_foreign_word,オーストラリア,8,澳大利亚,沿用已有,yes,澳大利亚,63,020_UAF_DAY91_01.egpack,game_t00062,,インドからの難民を大量に受け入れた\nオーストラリアだが、\wその扱いは\n俺たち米国と似たようなもんだ。,,澳大利亚,
katakana_foreign_word,クソ,8,该死,沿用已有,yes,该死,1511,040_UAF_DAY94_01.egpack,game_t01510,,クソッ…\w…\wこれはこれでさっきとは話が別だ。,,该死,
katakana_foreign_word,ゲティスバーグ,8,葛底斯堡,沿用已有,yes,葛底斯堡,3135,090_UAF_DAY99_01.egpack,game_t03134,ダリル,「知っての通り、\w『ゲティスバーグ』『シドニー』『ゴーファー・ステート』のいずれも航行はほぼ不可能だが、\w現在の戦域情報に光線照射警報が出てない事――」,,葛底斯堡,
katakana_foreign_word,ハイヴ,8,HIVE,沿用已有,yes,HIVE,2321,060_UAF_DAY96_01.egpack,game_t02320,メルヴィナ,「あの日――ユーラシア外縁部のハイヴに一斉にＧ弾攻撃が始まって――」,,HIVE,
katakana_foreign_word,ユーラシア,8,欧亚大陆,沿用已有,yes,欧亚大陆,16,010_UAFプロローグ.egpack,game_t00015,テイラー大将,「５４年後、\w彼らに送り届けようではないか――この美しき地球の姿を、\w緑溢れるユーラシアを」,,欧亚大陆,
kanji_place_or_military_org,戦術機隊,7,战术机队,沿用已有,yes,战术机队,87,020_UAF_DAY91_01.egpack,game_t00086,,海兵隊員、\w第３１８戦術機隊は諦めない、\wだ。,,战术机队,
kanji_place_or_region,低軌道衛星,7,低轨道卫星,沿用已有,yes,低轨道卫星,89,020_UAF_DAY91_01.egpack,game_t00088,ウィル,「低軌道衛星がなきゃどうしようもないですよ。ＧＰＳが生きてるだけマシです」,,低轨道卫星,
katakana_callsign_or_unit,バスター１,7,破坏者1,沿用已有,yes,破坏者1,3327,090_UAF_DAY99_01.egpack,game_t03326,バスター１,「バスター１よりナイヴス１。どうした、\w今更臆病風に吹かれたのか？」,,破坏者1,
katakana_foreign_word,シアトル,7,西雅图,沿用已有,yes,西雅图,255,020_UAF_DAY91_01.egpack,game_t00254,リリア,「船は海軍の『シアトル』で脱出してたんですが…\w…\w機関部をやられて漂流してたんです」,,西雅图,
katakana_foreign_word,ブルーオーシャン,7,蓝海,沿用已有,yes,蓝海,755,030_UAF_DAY93_01.egpack,game_t00754,ダリル,「ブルーオーシャンでも海軍とは別個の任務を帯びての乗船だった」,,蓝海,
katakana_foreign_word,レナード,7,伦纳德,沿用已有,yes,伦纳德,1274,040_UAF_DAY94_01.egpack,game_t01273,ウィル,「――悪いな。レナードは機体をかなり振り回す癖があったんだ」,,伦纳德,
katakana_military_or_foreign,ゲティスバーグ,7,葛底斯堡,沿用已有,yes,葛底斯堡,813,030_UAF_DAY93_01.egpack,game_t00812,ダリル,「ん？　ああ、\w巡洋艦が『ゲティスバーグ』、\w輸送艦が『ゴーファー・ステート』」,,葛底斯堡,
katakana_military_or_foreign,シドニー,7,悉尼,沿用已有,yes,悉尼,719,030_UAF_DAY93_01.egpack,game_t00718,オールストン准将,「加えて、\wオーストラリア海軍駆逐艦、\wＨＭＡＳ『シドニー』を発見」,,悉尼,
katakana_military_or_foreign,ハワイ,7,夏威夷,沿用已有,yes,夏威夷,694,030_UAF_DAY93_01.egpack,game_t00693,オールストン准将,「フリゲート艦『ヴァンデグリフト』とハワイを目指したが、\wウェーク島北北東で大海崩に伴う超規模津波に遭遇。直衛艦を失った」,,夏威夷,
katakana_person,ウィルバート・コリンズ,7,威尔伯特·柯林斯,沿用已有,yes,威尔伯特·柯林斯,243,020_UAF_DAY91_01.egpack,game_t00242,ウィル,「第３１８海兵戦術機隊、\w\nウィルバート・コリンズ少尉です」,,威尔伯特·柯林斯,
katakana_ship_or_codename,ジョン・Ｆ・ケネディ,7,约翰·F·肯尼迪,沿用已有,yes,约翰·F·肯尼迪,245,020_UAF_DAY91_01.egpack,game_t00244,リリア,「第３母艦…\w…\wジョン・Ｆ・ケネディ！　ああ、\w助かった…\w…\w！」,,约翰·F·肯尼迪,
kanji_place_or_military_org,フライング・ブーム作戦,6,飞行吊杆作战,沿用已有,yes,飞行吊杆作战,1637,050_UAF_DAY95_01.egpack,game_t01636,ダリル,「この計画――『フライング・ブーム作戦』に\nおいては、\w周辺の捜索活動を行う予定は無い」,,飞行吊杆作战,
kanji_place_or_military_org,戦術歩行戦闘機隊,6,战术步行战斗机队,沿用已有,yes,战术步行战斗机队,153,020_UAF_DAY91_01.egpack,game_t00152,ウィル,「こちら米国海兵隊第３１８戦術歩行戦闘機隊\n『ブラック・ナイヴス』、\w救難信号を受信しました。\n聞こえていたら応答願います」,,战术步行战斗机队,
kanji_place_or_military_org,第３１８戦術歩行戦闘機隊,6,第318战术步行战斗机队,沿用已有,yes,第318战术步行战斗机队,153,020_UAF_DAY91_01.egpack,game_t00152,ウィル,「こちら米国海兵隊第３１８戦術歩行戦闘機隊\n『ブラック・ナイヴス』、\w救難信号を受信しました。\n聞こえていたら応答願います」,,第318战术步行战斗机队,
kanji_place_or_military_org,米国海兵隊第,6,美国海军陆战队第,沿用已有,yes,美国海军陆战队第,153,020_UAF_DAY91_01.egpack,game_t00152,ウィル,「こちら米国海兵隊第３１８戦術歩行戦闘機隊\n『ブラック・ナイヴス』、\w救難信号を受信しました。\n聞こえていたら応答願います」,,美国海军陆战队第,
katakana_callsign_or_unit,ナイヴス,6,黑刃,建议,yes,黑刃,116,020_UAF_DAY91_01.egpack,game_t00115,ダリル,「進出可能半径内につき、\wナイヴス両機による直接確認の許可を願う！」,,黑刃,
katakana_callsign_or_unit,バスターズ,6,破坏者队,沿用已有,yes,破坏者队,3279,090_UAF_DAY99_01.egpack,game_t03278,ＪＦＫオペレーター２,「ＨＱよりバスターズ、\wナイヴス各リード。戦術機部隊を規定位置まで前進させろ。繰り返す、\w戦術機部隊を規定位置まで前進させろ」,,破坏者队,
katakana_foreign_word,インド,6,印度,沿用已有,yes,印度,59,020_UAF_DAY91_01.egpack,game_t00058,ウィル,「数字に強いってのはインド系の血の為せる業ってやつですかね」,,印度,
katakana_military_or_foreign,フライング・ブーム,6,飞行吊杆,沿用已有,yes,飞行吊杆,1637,050_UAF_DAY95_01.egpack,game_t01636,ダリル,「この計画――『フライング・ブーム作戦』に\nおいては、\w周辺の捜索活動を行う予定は無い」,,飞行吊杆,
katakana_person,マクマナス,6,麦克马纳斯,沿用已有,yes,麦克马纳斯,32,020_UAF_DAY91_01.egpack,game_t00031,ウィル,「了解です、\wマクマナス中尉。――中尉を扱うように丁寧に心掛けます」,,麦克马纳斯,
katakana_foreign_word,コリンズ,5,柯林斯,沿用已有,yes,柯林斯,334,020_UAF_DAY91_01.egpack,game_t00333,ダリル,「ＯＫコリンズ少尉、\w上官の心優しい説明を理解した上で、\w命令を復唱したまえ」,,柯林斯,
katakana_ship_or_codename,ケネディ,5,肯尼迪,沿用已有,yes,肯尼迪,669,030_UAF_DAY93_01.egpack,game_t00668,オールストン准将,「現在、\wジョン・Ｆ・ケネディ母艦打撃群司令、\w並びにこのケネディ海軍駐留拠点司令を兼任している」,,肯尼迪,
katakana_ship_or_codename,マルドゥーク,5,马尔杜克,沿用已有,yes,马尔杜克,1,010_UAFプロローグ.egpack,game_t00000,オペレーター,「移民船団指揮艦『マルドゥーク』のＧＳ機関起動を確認。全移民船団は重力勾配航法に入りました」,,马尔杜克,
kanji_place_or_military_org,分遣隊,4,分遣队,沿用已有,yes,分遣队,739,030_UAF_DAY93_01.egpack,game_t00738,ダリル,「海兵隊第３１８戦術機隊へようこそ。…\w…\wま、\w正確にはアタシらは分遣隊だけどね」,,分遣队,
kanji_place_or_military_org,司令部,4,司令部,沿用已有,yes,司令部,1582,050_UAF_DAY95_01.egpack,game_t01581,ダリル,「ＪＦＫ司令部はこれ以降、\w北東沿岸方面への中継機設置を進め、\w通信可能範囲を拡大して行く方針を決定した」,,司令部,
kanji_place_or_military_org,母艦打撃群司令部,4,母舰打击群司令部,沿用已有,yes,母舰打击群司令部,3058,090_UAF_DAY99_01.egpack,game_t03057,ＪＦＫオペレーター１,「――ＪＦＫ母艦打撃群司令部より全艦に達する。全艦総員、\w第一種戦闘配置。繰り返す、\w総員、\w第一種戦闘配置。これは訓練ではない」,,母舰打击群司令部,
kanji_place_or_military_org,海兵戦術機隊,4,海军陆战队战术机队,沿用已有,yes,海军陆战队战术机队,243,020_UAF_DAY91_01.egpack,game_t00242,ウィル,「第３１８海兵戦術機隊、\w\nウィルバート・コリンズ少尉です」,,海军陆战队战术机队,
kanji_place_or_military_org,海兵隊同士,4,海军陆战队同僚,沿用已有,yes,海军陆战队同僚,603,030_UAF_DAY93_01.egpack,game_t00602,リリア,「…\w…\wで、\wさっきも言ったけど、\wその敬語はやめない？　海兵隊同士なのに他人行儀過ぎて気持ち悪いわ」,,海军陆战队同僚,
kanji_place_or_military_org,米国,4,美国,沿用已有,yes,美国,63,020_UAF_DAY91_01.egpack,game_t00062,,インドからの難民を大量に受け入れた\nオーストラリアだが、\wその扱いは\n俺たち米国と似たようなもんだ。,,美国,
kanji_place_or_military_org,軍人,4,军人,沿用已有,yes,军人,2098,060_UAF_DAY96_01.egpack,game_t02097,ウィル,「けどなあ…\w…\w俺だって合衆国の軍人だ！　海兵隊員なんだよ！」,,军人,
kanji_place_or_military_org,部隊,4,部队,沿用已有,yes,部队,687,030_UAF_DAY93_01.egpack,game_t00686,オールストン准将,「シェルベリ少尉は第２６海兵戦術機甲群だったな。確か、\w在フィリピンの部隊と記憶しているが」,,部队,
kanji_place_or_region,地球,4,地球,沿用已有,yes,地球,3,010_UAFプロローグ.egpack,game_t00002,オペレーター,「『人類の勝利と地球の再興を祈る。遙か宇宙の深淵を越え、\w互いの捷報を伝え合わん事を』」,,地球,
katakana_foreign_word,ブロック,4,区块,沿用已有,yes,区块,1563,040_UAF_DAY94_01.egpack,game_t01562,ウィル,「レベル４、\wＣ２８ブロック」,,区块,
katakana_foreign_word,ヤンキー・ステーション,4,扬基站,沿用已有,yes,扬基站,974,040_UAF_DAY94_01.egpack,game_t00973,ウィル,「そうそう、\wヤンキー・ステーション――洋上配置ってやつさ。上陸することはほとんどなかったけどな」,,扬基站,
katakana_military_or_foreign,ニミッツ,4,尼米兹,沿用已有,yes,尼米兹,692,030_UAF_DAY93_01.egpack,game_t00691,オールストン准将,「本艦…\w…\wＣＶＮ－６７『ジョン・Ｆ・ケネディ』は、\w僚艦の『ニミッツ』と共に母艦打撃群を編成し、\w鉄原ハイヴ攻略部隊として日本海に展開していた」,,尼米兹,
katakana_military_or_foreign,バビロン,4,巴比伦,沿用已有,yes,巴比伦,19,010_UAFプロローグ.egpack,game_t00018,テイラー大将,「諸君――現時刻を以って『バビロン作戦』を発動する――！」,,巴比伦,
katakana_person,ウィルバート・Ｄ・コリンズ,4,威尔伯特·D·柯林斯,沿用已有,yes,威尔伯特·D·柯林斯,312,020_UAF_DAY91_01.egpack,game_t00311,ダリル,「ウィルバート・Ｄ・コリンズ少尉！」,,威尔伯特·D·柯林斯,
katakana_person,ジョージ・オールストン,4,乔治·奥尔斯顿,沿用已有,yes,乔治·奥尔斯顿,668,030_UAF_DAY93_01.egpack,game_t00667,オールストン准将,「本艦の艦長を務めるジョージ・オールストン\n准将である」,,乔治·奥尔斯顿,
latin_or_acronym,Ｃ２８,4,C28,沿用已有,yes,C28,1563,040_UAF_DAY94_01.egpack,game_t01562,ウィル,「レベル４、\wＣ２８ブロック」,,C28,
latin_or_acronym,Ｆ－１８Ｅ,4,F-18E,沿用已有,yes,F-18E,319,020_UAF_DAY91_01.egpack,game_t00318,ウィル,「…\w…\wは。いえ…\w…\wその、\w恐れながら、\w我々のＦ－１８Ｅは単座であります」,,F-18E,
ruby_reading_katakana,センパー・ファイ,4,永远忠诚,沿用已有,yes,永远忠诚,,050_UAF_DAY95_01.egpack,game_t01693_ruby,,常に忠誠を:センパー・ファイ,,永远忠诚,
ruby_term,おっかさん,4,Big Mom,沿用已有,yes,Big Mom,,020_UAF_DAY91_01.egpack,game_t00217_ruby,,おっかさん:ビッグ・マム,,Big Mom,
kanji_person_or_rank_name,准将,3,准将,沿用已有,yes,准将,668,030_UAF_DAY93_01.egpack,game_t00667,オールストン准将,「本艦の艦長を務めるジョージ・オールストン\n准将である」,,准将,
kanji_place_or_military_org,バビロン作戦,3,巴比伦作战,沿用已有,yes,巴比伦作战,19,010_UAFプロローグ.egpack,game_t00018,テイラー大将,「諸君――現時刻を以って『バビロン作戦』を発動する――！」,,巴比伦作战,
kanji_place_or_military_org,上陸部隊,3,登陆部队,沿用已有,yes,登陆部队,689,030_UAF_DAY93_01.egpack,game_t00688,オールストン准将,「ならば、\w第三次作戦用の上陸部隊で間違いはないな？」,,登陆部队,
kanji_place_or_military_org,個小隊,3,个小队,沿用已有,yes,个小队,760,030_UAF_DAY93_01.egpack,game_t00759,ダリル,「この分遣隊、\wアタシら戦術機１個小隊、\w第３海兵連隊からの歩兵１個小隊で構成されてるんだけど…\w…\w」,,个小队,
kanji_place_or_military_org,全戦術機部隊,3,全战术机部队,沿用已有,yes,全战术机部队,3061,090_UAF_DAY99_01.egpack,game_t03060,航海長,「全戦術機部隊の発進準備を急がせろ。総員第一種戦闘配置、\w近接防御戦用意！」,,全战术机部队,
kanji_place_or_military_org,分隊編成,3,分队编成,沿用已有,yes,分队编成,2218,060_UAF_DAY96_01.egpack,game_t02217,メルヴィナ,「今ここで誤魔化したって、\w君ら分隊編成じゃろ？　任務じゃ嫌でも顔合わすんじゃないん？」,,分队编成,
kanji_place_or_military_org,友軍,3,友军,沿用已有,yes,友军,705,030_UAF_DAY93_01.egpack,game_t00704,オールストン准将,「後ほど触れるが、\w現在集結している友軍の状況も似たようなものだ」,,友军,
kanji_place_or_military_org,各部隊指揮官,3,各部队指挥官,沿用已有,yes,各部队指挥官,3044,090_UAF_DAY99_01.egpack,game_t03043,ＪＦＫオペレーター１,「――総員、\w第一種戦闘配置、\w近接防御戦用意。これは訓練ではない。繰り返す、\w近接防御戦用意。各部隊指揮官は直ちに作戦室へ出頭せよ」,,各部队指挥官,
kanji_place_or_military_org,捜索隊,3,搜索队,沿用已有,yes,搜索队,252,020_UAF_DAY91_01.egpack,game_t00251,リリア,「すみません、\w捜索隊の手配をお願いします…\w…\w！　他にも救命艇が脱出してるはずなんです！」,,搜索队,
kanji_place_or_military_org,海兵隊第,3,海军陆战队第,沿用已有,yes,海军陆战队第,666,030_UAF_DAY93_01.egpack,game_t00665,リリア,「海兵隊第５３６戦術歩行戦闘機隊、\wリリア・シェルベリ少尉であります」,,海军陆战队第,
kanji_place_or_military_org,海軍戦術機部隊,3,海军战术机部队,沿用已有,yes,海军战术机部队,3182,090_UAF_DAY99_01.egpack,game_t03181,ダリル,「光線属種が存在しない場合、\w戦術機部隊は前進し敵群と接触。第二波以降は海軍戦術機部隊の目視誘導で敵のど真ん中に誘導弾を叩き込む」,,海军战术机部队,
kanji_place_or_military_org,第３１８戦術機隊,3,第318战术机队,沿用已有,yes,第318战术机队,87,020_UAF_DAY91_01.egpack,game_t00086,,海兵隊員、\w第３１８戦術機隊は諦めない、\wだ。,,第318战术机队,
kanji_place_or_military_org,米軍,3,美军,沿用已有,yes,美军,1097,040_UAF_DAY94_01.egpack,game_t01096,メルヴィナ,「…\w…\w哀れケネディの甲板は大破、\w偉大なる米軍はまた稼働機体をひとつ失うのである…\w…\w」,,美军,
kanji_place_or_military_org,軍葬,3,军葬,沿用已有,yes,军葬,2705,060_UAF_DAY96_01.egpack,game_t02704,オールストン准将,「明後日――戦没将兵追悼記念日に合わせ、\wブルーオーシャン作戦で散った者たちの軍葬を執り行う」,,军葬,
kanji_place_or_military_org,軍隊,3,军队,沿用已有,yes,军队,2126,060_UAF_DAY96_01.egpack,game_t02125,ウィル,「人類の秩序を再構築する、\w合衆国の軍隊――」,,军队,
kanji_place_or_military_org,部隊葬,3,部队葬,沿用已有,yes,部队葬,2534,060_UAF_DAY96_01.egpack,game_t02533,リリア,「は。――その日に合わせ、\w部隊葬の執行を具申いたします」,,部队葬,
kanji_place_or_region,低軌道観測衛星,3,低轨道观测卫星,沿用已有,yes,低轨道观测卫星,3037,090_UAF_DAY99_01.egpack,game_t03036,ダリル,「広域データリンク…\w…\w受信モード…\w…\w\n低軌道観測衛星？」,,低轨道观测卫星,
kanji_place_or_region,偵察衛星,3,侦察卫星,沿用已有,yes,侦察卫星,3097,090_UAF_DAY99_01.egpack,game_t03096,ダリル,「おそらく、\w本艦上空を偵察衛星が通過した際にリンクが復活したものと想定される」,,侦察卫星,
kanji_place_or_region,南太平洋,3,南太平洋,沿用已有,yes,南太平洋,452,020_UAF_DAY91_01.egpack,game_t00451,ウィル,「南太平洋…\w…\w。座標で言うとオーストラリアとハワイの中間くらいだ」,,南太平洋,
kanji_place_or_region,太平洋,3,太平洋,沿用已有,yes,太平洋,824,030_UAF_DAY93_01.egpack,game_t00823,ダリル,「ついでに説明しとくと、\w太平洋を横断して大海崩にも翻弄された各艦の燃料は元々かなり少なくてね」,,太平洋,
kanji_place_or_region,陸地,3,陆地,沿用已有,yes,陆地,443,020_UAF_DAY91_01.egpack,game_t00442,,陸地の状況を知らないのも無理はない。,,陆地,
kanji_place_or_region,静止衛星,3,静止卫星,沿用已有,yes,静止卫星,91,020_UAF_DAY91_01.egpack,game_t00090,ダリル,「母艦の静止衛星リンク、\wメルは何か言ってないのかい？」,,静止卫星,
katakana_callsign_or_unit,オール・ナイヴス,3,黑刃全机,沿用已有,yes,黑刃全机,3281,090_UAF_DAY99_01.egpack,game_t03280,ダリル,「ナイヴス１了解。オール・ナイヴス、\w出番だよ！　ついてきな！」,,黑刃全机,
katakana_callsign_or_unit,ナイヴス・リード,3,黑刃长机,沿用已有,yes,黑刃长机,534,020_UAF_DAY91_01.egpack,game_t00533,ダリル,「ナイヴス・リードよりケネディ・コントロール、\w管制空域に入った。両機着艦許可求む」,,黑刃长机,
katakana_foreign_word,カタパルト,3,弹射器,沿用已有,yes,弹射器,3586,090_UAF_DAY99_03.egpack,game_t03585,ダリル,「貴様の機体に保護対象７２を転送した。このデータを持って脱出だ！　新規増槽を装着、\wカタパルトで射出しな！」,,弹射器,
katakana_foreign_word,ゴーファー・ステート,3,戈弗州,沿用已有,yes,戈弗州,3135,090_UAF_DAY99_01.egpack,game_t03134,ダリル,「知っての通り、\w『ゲティスバーグ』『シドニー』『ゴーファー・ステート』のいずれも航行はほぼ不可能だが、\w現在の戦域情報に光線照射警報が出てない事――」,,戈弗州,
katakana_foreign_word,センサー,3,传感器,沿用已有,yes,传感器,1688,050_UAF_DAY95_01.egpack,game_t01687,ダリル,「補給拠点構築に影響が無い限り、\wセンサー類への注意を怠るな。復唱！」,,传感器,
katakana_foreign_word,プランＤ,3,D计划,沿用已有,yes,D计划,3416,090_UAF_DAY99_02.egpack,game_t03415,ＪＦＫオペレーター１,「こちらＨＱ、\wプランＤへの変更要請了解。許可あるまで待機せよ」,,D计划,
katakana_foreign_word,ミサイル,3,导弹,沿用已有,yes,导弹,3257,090_UAF_DAY99_01.egpack,game_t03256,航海長,「了解。第一波ミサイル発射！」,,导弹,
katakana_foreign_word,レベル４,3,第4层,沿用已有,yes,第4层,1563,040_UAF_DAY94_01.egpack,game_t01562,ウィル,「レベル４、\wＣ２８ブロック」,,第4层,
katakana_military_or_foreign,エンタープライズ,3,企业号,沿用已有,yes,企业号,531,020_UAF_DAY91_01.egpack,game_t00530,,エンタープライズ級正規戦術機母艦、\wＣＶＮ－６７\n『ジョン・Ｆ・ケネディ』、\w通称ＪＦＫ。,,企业号,
katakana_military_or_foreign,キング,3,国王号,沿用已有,yes,国王号,723,030_UAF_DAY93_01.egpack,game_t00722,オールストン准将,「また本国及び国連司令部との連絡回復を目的とし、\w４艦の中でも最も損害が少なく、\w最新鋭艦でもあるズムウォルト級駆逐艦 『キング』を連絡艦に任命」,,国王号,
katakana_military_or_foreign,シアトル,3,西雅图,沿用已有,yes,西雅图,1401,040_UAF_DAY94_01.egpack,game_t01400,リリア,「…\w…\wは。補給艦『シアトル』からの救命艇は、\wあの付近に他にも漂着している可能性があります」,,西雅图,
katakana_military_or_foreign,プランＤ,3,D计划,沿用已有,yes,D计划,3409,090_UAF_DAY99_02.egpack,game_t03408,バスター１,「そのとおりだ。艦砲射撃を迂回して帰投。甲板上の兵装で補充の後、\w再出撃――プランＤだ」,,D计划,
katakana_military_or_foreign,ヨコハマ,3,横滨,沿用已有,yes,横滨,693,030_UAF_DAY93_01.egpack,game_t00692,オールストン准将,「ブルーオーシャン作戦発動後、\w国連軍ヨコハマ基地に寄港して物資と人員を積載」,,横滨,
katakana_military_or_foreign,リンク,3,链路,沿用已有,yes,链路,91,020_UAF_DAY91_01.egpack,game_t00090,ダリル,「母艦の静止衛星リンク、\wメルは何か言ってないのかい？」,,链路,
katakana_person,メルヴィナ,3,梅尔维娜,沿用已有,yes,梅尔维娜,55,020_UAF_DAY91_01.egpack,game_t00054,ダリル,「地図作成装置ができて随分楽になったモンだ。メルヴィナ様々だ。…\w…\w写真並べてお絵描きするのはもうウンザリだからねえ」,,梅尔维娜,
katakana_person,メルヴィナ・アードヴァニー,3,梅尔维娜·阿德瓦尼,沿用已有,yes,梅尔维娜·阿德瓦尼,1114,040_UAF_DAY94_01.egpack,game_t01113,メルヴィナ,「メルヴィナ・アードヴァニーっす。あ、\wメシ食ってるし敬礼はナシで」,,梅尔维娜·阿德瓦尼,
latin_or_acronym,Ｅ１２,3,E12,沿用已有,yes,E12,1750,050_UAF_DAY95_01.egpack,game_t01749,ウィル,「…\w…\wナイヴス２よりソルティ・ベース。中継機Ｅ１２の設置を完了。繰り返す、\w中継機Ｅ１２の設置を完了した」,,E12,
latin_or_acronym,Ｇ－Ｄ,3,G-D,沿用已有,yes,G-D,2313,060_UAF_DAY96_01.egpack,game_t02312,メルヴィナ,「Ｇ－Ｄａｙのね」,,G-D,
ruby_reading_katakana,セキュリティ・クリアランス,3,安全许可,沿用已有,yes,安全许可,,040_UAF_DAY94_01.egpack,game_t01521_ruby,,機密開示証明:セキュリティ・クリアランス,,安全许可,
ruby_reading_katakana,バディ,3,搭档,沿用已有,yes,搭档,,040_UAF_DAY94_01.egpack,game_t01276_ruby,,僚機:バディ,,搭档,
ruby_reading_katakana,ホーム,3,归处,沿用已有,yes,归处,,020_UAF_DAY91_01.egpack,game_t00529_ruby,,家:ホーム,,归处,
ruby_term,機密開示証明,3,安全许可,沿用已有,yes,安全许可,,040_UAF_DAY94_01.egpack,game_t01521_ruby,,機密開示証明:セキュリティ・クリアランス,,安全许可,
kanji_place_or_military_org,個中隊,2,个中队,沿用已有,yes,个中队,1355,040_UAF_DAY94_01.egpack,game_t01354,リリア,「しかし…\w…\w海軍と合わせても１個中隊ですか…\w…\w」,,个中队,
kanji_place_or_military_org,儀杖隊,2,仪仗队,沿用已有,yes,仪仗队,2752,070_UAF_DAY97_01.egpack,game_t02751,リリア,「私、\w儀杖隊に選ばれたのよ。弔銃、\w撃つんだって」,,仪仗队,
kanji_place_or_military_org,国連,2,联合国,沿用已有,yes,联合国,1116,040_UAF_DAY94_01.egpack,game_t01115,メルヴィナ,「国連オーストラリア海軍所属、\w技術士官、\w少尉、\wウィルの前妻…\w…\wこんなとこでいいかな？」,,联合国,
kanji_place_or_military_org,国連統合参謀会議,2,联合国联合参谋会议,沿用已有,yes,联合国联合参谋会议,12,010_UAFプロローグ.egpack,game_t00011,テイラー大将,「北米航空宇宙防衛司令部より国連統合参謀会議へ。『マルドゥークはバビロンの鍵を得たり』」,,联合国联合参谋会议,
kanji_place_or_military_org,国連軍,2,联合国军,沿用已有,yes,联合国军,94,020_UAF_DAY91_01.egpack,game_t00093,,建前上、\wさすがに国連軍――というか\nオーストラリア軍の人間に触らせる\nわけにはいかない。,,联合国军,
kanji_place_or_military_org,基地,2,基地,沿用已有,yes,基地,280,020_UAF_DAY91_01.egpack,game_t00279,リリア,「どうして…\w…\w同じ海兵隊員の命が掛かってるんですよ！　艦載ヘリとか、\w近隣の基地に要請とか色々――」,,基地,
kanji_place_or_military_org,多分隊長,2,大概是队长,沿用已有,yes,大概是队长,1514,040_UAF_DAY94_01.egpack,game_t01513,ウィル,「でもな、\w多分隊長も俺と同じ答えしか返せない。俺はこんなことで隊の結束を崩したくない」,,大概是队长,
kanji_place_or_military_org,探検隊,2,探险队,沿用已有,yes,探险队,90,020_UAF_DAY91_01.egpack,game_t00089,,測量に捜索、\wやってることはまるで昔の探検隊だもんな。正規母艦打撃群、\wなんて大層な名前が泣けてくる。,,探险队,
kanji_place_or_military_org,援軍,2,援军,沿用已有,yes,援军,3123,090_UAF_DAY99_01.egpack,game_t03122,ダリル,「そうだ。…\w…\w援軍は来る。衛星を動かせる連中が一切の戦力を保持していない可能性は低い」,,援军,
kanji_place_or_military_org,歩兵小隊,2,步兵小队,沿用已有,yes,步兵小队,761,030_UAF_DAY93_01.egpack,game_t00760,ダリル,「アタシら戦術機側には『警護任務』としか明かされて無いし、\w直接的な任務は歩兵小隊の援護って話さ。もっとも、\wこんな状況じゃ援護もクソもないからねえ」,,步兵小队,
kanji_place_or_military_org,海兵隊少尉,2,海军陆战队少尉,沿用已有,yes,海军陆战队少尉,3233,090_UAF_DAY99_01.egpack,game_t03232,ダリル,「ウィルバート・コリンズ海兵隊少尉！　我々に課せられた任務は何だ！」,,海军陆战队少尉,
kanji_place_or_military_org,海軍側,2,海军方面,沿用已有,yes,海军方面,776,030_UAF_DAY93_01.egpack,game_t00775,ダリル,「海軍側の機体も似たような被害状況さ。ま、\w詳しくは明日以降格納庫で説明させとくれ」,,海军方面,
kanji_place_or_military_org,海軍駐留拠点,2,海军驻留据点,沿用已有,yes,海军驻留据点,716,030_UAF_DAY93_01.egpack,game_t00715,オールストン准将,「我々はこの地をケネディ海軍駐留拠点と命名。現在、\w生き残った艦載機を中心に哨戒を行い、\w同様に漂流を続ける友軍の救難、\w集結に着手している」,,海军驻留据点,
kanji_place_or_military_org,第三次作戦,2,第三次作战,沿用已有,yes,第三次作战,689,030_UAF_DAY93_01.egpack,game_t00688,オールストン准将,「ならば、\w第三次作戦用の上陸部隊で間違いはないな？」,,第三次作战,
kanji_place_or_military_org,第５３６海兵戦術機隊,2,第536海军陆战队战术机队,沿用已有,yes,第536海军陆战队战术机队,2987,090_UAF_DAY99_01.egpack,game_t02986,ウィル,「第５３６海兵戦術機隊、\wか…\w…\w」,,第536海军陆战队战术机队,
kanji_place_or_military_org,米国海兵隊,2,美国海军陆战队,沿用已有,yes,美国海军陆战队,624,030_UAF_DAY93_01.egpack,game_t00623,リリア,「米国海兵隊は最後まで諦めるな、\wって励ましあってたけど…\w…\w」,,美国海军陆战队,
kanji_place_or_military_org,米国海兵隊員,2,美国海军陆战队员,沿用已有,yes,美国海军陆战队员,76,020_UAF_DAY91_01.egpack,game_t00075,ダリル,「ハハッ、\w別にメルが聞いているわけじゃあるまいし、\w米国海兵隊員がこれぐらいで動じるな」,,美国海军陆战队员,
kanji_place_or_military_org,米国籍,2,美国国籍,沿用已有,yes,美国国籍,1217,040_UAF_DAY94_01.egpack,game_t01216,ウィル,「…\w…\w少なくとも海兵隊の衛士は、\w米国籍か『国籍取得予定者』限定だよ」,,美国国籍,
kanji_place_or_military_org,米国軍人,2,美国军人,沿用已有,yes,美国军人,1913,050_UAF_DAY95_01.egpack,game_t01912,,こいつらだって米国軍人だ。本当なら、\w合衆国に連れ帰って弔ってやりたい。,,美国军人,
kanji_place_or_military_org,米軍衛士,2,美军卫士,沿用已有,yes,美军卫士,988,040_UAF_DAY94_01.egpack,game_t00987,,それに、\wそんな最前線に配置される米軍衛士ってことは…\w…\w。,,美军卫士,
kanji_place_or_region,一ヶ月,2,一个月,沿用已有,yes,一个月,121,020_UAF_DAY91_01.egpack,game_t00120,ＪＦＫオペレーター,「――ソルティ・ベースよりナイヴス１、\wナイヴス両機による直接確認を許可する。生きていれば一ヶ月ぶりの朗報だ、\w頼むぞ！」,,一个月,
kanji_place_or_region,先月,2,上个月,沿用已有,yes,上个月,724,030_UAF_DAY93_01.egpack,game_t00723,オールストン准将,「他艦に残存する燃料を集約し、\w先月１５日、\wブルーオーシャン作戦における集結予定地であるハワイ方面へと送り出した」,,上个月,
kanji_place_or_region,惑星,2,行星,沿用已有,yes,行星,3239,090_UAF_DAY99_01.egpack,game_t03238,ダリル,「いいか――！　たとえこの惑星が滅んでも、\w海兵隊は不滅である！　海兵第３１８戦術機隊――出撃！」,,行星,
kanji_place_or_region,目的地,2,目的地,沿用已有,yes,目的地,7,010_UAFプロローグ.egpack,game_t00006,オペレーター,「もっとも確実なのは、\w船団が目的地に到着するその時――地球時間において約６０年後になります」,,目的地,
kanji_place_or_region,英国,2,英国,沿用已有,yes,英国,983,040_UAF_DAY94_01.egpack,game_t00982,リリア,「私も元は大西洋よ。任官してからずっとポーツマスだったから。あ、\w英国の方のね」,,英国,
kanji_place_or_region,要領,2,要领,沿用已有,yes,要领,1598,050_UAF_DAY95_01.egpack,game_t01597,ダリル,「後はその繰り返しでハワイ方面への捜索範囲を伸ばしていくって寸法さ。登山や極地踏破と同じ要領だね」,,要领,
kanji_place_or_region,豪州,2,澳洲,沿用已有,yes,澳洲,1226,040_UAF_DAY94_01.egpack,game_t01225,メルヴィナ,「ま、\w豪州の方がよっぽど露骨だったかもしれないけどさ」,,澳洲,
kanji_place_or_region,集結予定地,2,预定集结地点,沿用已有,yes,预定集结地点,724,030_UAF_DAY93_01.egpack,game_t00723,オールストン准将,「他艦に残存する燃料を集約し、\w先月１５日、\wブルーオーシャン作戦における集結予定地であるハワイ方面へと送り出した」,,预定集结地点,
katakana_callsign_or_unit,ナイヴス３カタパルト,2,黑刃3弹射器,沿用已有,yes,黑刃3弹射器,3647,090_UAF_DAY99_03.egpack,game_t03646,ＪＦＫオペレーター２,「――ナイヴス３カタパルト接続完了」,,黑刃3弹射器,
katakana_callsign_or_unit,バスター２,2,破坏者2,沿用已有,yes,破坏者2,3385,090_UAF_DAY99_02.egpack,game_t03384,バスター１,「バスター２！　バスター２――ッ！　\n…\w…\w畜生――ッ！」,,破坏者2,
katakana_foreign_word,ァァ,2,啊啊,沿用已有,yes,啊啊,3047,090_UAF_DAY99_01.egpack,game_t03046,ダリル,「クソ豚ども――全滅したんじゃなかったのかァァッッ――！」,,啊啊,
katakana_foreign_word,エリア,2,区域,沿用已有,yes,区域,562,030_UAF_DAY93_01.egpack,game_t00561,,…\w…\w医療エリアなんて滅多に来ないからな。どっちだったか…\w…\w？,,区域,
katakana_foreign_word,オリジナルハイヴ,2,原始HIVE,沿用已有,yes,原始HIVE,2324,060_UAF_DAY96_01.egpack,game_t02323,メルヴィナ,「すごかったねー。衛星画像で見てただけだけどさ、\wオリジナルハイヴもキレイさっぱり！」,,原始HIVE,
katakana_foreign_word,カメラ,2,摄像机,沿用已有,yes,摄像机,56,020_UAF_DAY91_01.egpack,game_t00055,,帰投後にマークした座標と光学カメラの記録をつき合わせ、\w延々と海岸線情報を打ち込んでいく――,,摄像机,
katakana_foreign_word,キング,2,国王号,沿用已有,yes,国王号,725,030_UAF_DAY93_01.egpack,game_t00724,オールストン准将,「以後、\w未だキングからの連絡は無い」,,国王号,
katakana_foreign_word,ケーブル,2,电缆,沿用已有,yes,电缆,387,020_UAF_DAY91_01.egpack,game_t00386,,えーと…\w…\w予備接続用のケーブルはここで…\w…\w,,电缆,
katakana_foreign_word,コスト,2,成本,沿用已有,yes,成本,1806,050_UAF_DAY95_01.egpack,game_t01805,,万が一の可能性なんて代物と、\w掛けているコストとリスクが見合わないことぐらい、\w分からない奴じゃないはずだ。,,成本,
katakana_foreign_word,コントロール,2,管制,沿用已有,yes,管制,540,020_UAF_DAY91_01.egpack,game_t00539,,…\w…\wやっぱりコントロールの声を聞くとホッとする。,,管制,
katakana_foreign_word,システムチェック,2,系统检查,沿用已有,yes,系统检查,81,020_UAF_DAY91_01.egpack,game_t00080,ウィル,「スパイク打ち込み確認、\w固定完了です。アンテナ伸張、\wシステムチェック開始」,,系统检查,
katakana_foreign_word,ジェット,2,喷气,沿用已有,yes,喷气,196,020_UAF_DAY91_01.egpack,game_t00195,ダリル,「よし、\w一旦海上に出てから右旋回、\w一度フライパスして周囲を確認する。ジェット後流を当てんじゃないよ――距離１００で着地、\w主脚歩行接近」,,喷气,
katakana_foreign_word,ジェントル,2,绅士,沿用已有,yes,绅士,71,020_UAF_DAY91_01.egpack,game_t00070,ダリル,「中継機下ろせ――慎重にやんな。メルの薄い胸を撫でるようにジェントルにだ。痛くするなよ」,,绅士,
katakana_foreign_word,ジャンヌ・デュカス,2,让娜·迪卡斯,沿用已有,yes,让娜·迪卡斯,1898,050_UAF_DAY95_01.egpack,game_t01897,リリア,「フェデリカ・ベクレル少尉、\wジャンヌ・デュカス少尉――」,,让娜·迪卡斯,
katakana_foreign_word,ジョーク,2,玩笑,沿用已有,yes,玩笑,538,020_UAF_DAY91_01.egpack,game_t00537,,規則とはいえ、\wもはや定番のジョークに\nなりつつあるな。,,玩笑,
katakana_foreign_word,スパイク,2,锚钉,沿用已有,yes,锚钉,81,020_UAF_DAY91_01.egpack,game_t00080,ウィル,「スパイク打ち込み確認、\w固定完了です。アンテナ伸張、\wシステムチェック開始」,,锚钉,
katakana_foreign_word,タイプ,2,类型,沿用已有,yes,类型,1808,050_UAF_DAY95_01.egpack,game_t01807,,…\w…\wいや、\wそんな私情を優先させるタイプとも考えにくい。,,类型,
katakana_foreign_word,ダイエット,2,减肥,沿用已有,yes,减肥,1463,040_UAF_DAY94_01.egpack,game_t01462,ダリル,「…\w…\wよろしい。では解散！　ダイエットには絶好の日だよ！」,,减肥,
katakana_foreign_word,テメェ,2,你这混蛋,沿用已有,yes,你这混蛋,3359,090_UAF_DAY99_01.egpack,game_t03358,ウィル,「クソッ！　消えろテメェら――ッ！」,,你这混蛋,
katakana_foreign_word,データベース,2,数据库,沿用已有,yes,数据库,1528,040_UAF_DAY94_01.egpack,game_t01527,ウィル,「この状況じゃ本国の兵員データベースにアクセスできない、\w強化装備にその手の情報は入ってない。そして…\w…\w」,,数据库,
katakana_foreign_word,トラブル,2,麻烦,沿用已有,yes,麻烦,51,020_UAF_DAY91_01.egpack,game_t00050,,もちろん別にトラブルが欲しいってわけじゃない。,,麻烦,
katakana_foreign_word,ノー・マム,2,不，长官,沿用已有,yes,不，长官,747,030_UAF_DAY93_01.egpack,game_t00746,ウィル,「ノー・マム、\w一切ありません」,,不，长官,
katakana_foreign_word,バッテリー,2,电池,沿用已有,yes,电池,222,020_UAF_DAY91_01.egpack,game_t00221,ダリル,「強化装備のバッテリーは流石に切れてるねえ…\w…\wお嬢ちゃん、\w何日目だい？　水は？」,,电池,
katakana_foreign_word,ビーコン,2,信标,沿用已有,yes,信标,109,020_UAF_DAY91_01.egpack,game_t00108,ウィル,「こちらからのコールは受信しないようです。自動ビーコンです」,,信标,
katakana_foreign_word,ファック,2,妈的,沿用已有,yes,妈的,3460,090_UAF_DAY99_02.egpack,game_t03459,ウィル,「ナイヴス３、\w背中は任せた。俺は突撃級のケツをファックする！」,,妈的,
katakana_foreign_word,ファランクス,2,密集阵,沿用已有,yes,密集阵,3388,090_UAF_DAY99_02.egpack,game_t03387,リリア,「ですが…\w…\w！　\nファランクスでは抑えきれない数ですッ！」,,密集阵,
katakana_foreign_word,フィリピン,2,菲律宾,沿用已有,yes,菲律宾,977,040_UAF_DAY94_01.egpack,game_t00976,ウィル,「…\w…\w確か、\wリリアもフィリピンだったんだよな。俺らも結構寄港してたんだぜ？」,,菲律宾,
katakana_foreign_word,フェデリカ・ベクレル,2,费德丽卡·贝克勒尔,沿用已有,yes,费德丽卡·贝克勒尔,1898,050_UAF_DAY95_01.egpack,game_t01897,リリア,「フェデリカ・ベクレル少尉、\wジャンヌ・デュカス少尉――」,,费德丽卡·贝克勒尔,
katakana_foreign_word,ブリーフィング,2,简报,沿用已有,yes,简报,2248,060_UAF_DAY96_01.egpack,game_t02247,ウィル,「おいおい勘弁してくれよ、\wＪＦＫの現状についてブリーフィングでもして欲しいのか？」,,简报,
katakana_foreign_word,プログラム,2,程序,沿用已有,yes,程序,1280,040_UAF_DAY94_01.egpack,game_t01279,リリア,「中尉、\w念のため伺いますが、\w規定慣熟プログラムの実行による誤差修正は許可されるのでしょうか」,,程序,
katakana_foreign_word,ユニット,2,单元,沿用已有,yes,单元,3384,090_UAF_DAY99_02.egpack,game_t03383,バスター２,「跳躍ユニットが！　う、\wうわぁぁぁ――ッッ！！！」,,单元,
katakana_foreign_word,ヨコハマ,2,横滨,沿用已有,yes,横滨,1060,040_UAF_DAY94_01.egpack,game_t01059,ウィル,「ま、\wヨコハマで積んだから合成食ばっかだけどな。調理の仕方で結構食えるモンだろ？」,,横滨,
katakana_foreign_word,リスク,2,风险,沿用已有,yes,风险,1615,050_UAF_DAY95_01.egpack,game_t01614,,そうだ…\w…\w。推進剤の遠方貯蓄自体に推進剤を使わざるを得ない、\w極めてリスクの高い方式なんだ。,,风险,
katakana_foreign_word,リスト,2,名单,沿用已有,yes,名单,2045,060_UAF_DAY96_01.egpack,game_t02044,リリア,「海軍のリストに載ってなきゃ…\w…\w今頃私も名無しの死体でしょ」,,名单,
katakana_foreign_word,ロケットモーター,2,火箭发动机,沿用已有,yes,火箭发动机,1816,050_UAF_DAY95_01.egpack,game_t01815,,ロケットモーターに点火しやがった！,,火箭发动机,
katakana_foreign_word,ローゼンバーグ,2,罗森伯格,沿用已有,yes,罗森伯格,80,020_UAF_DAY91_01.egpack,game_t00079,,ローゼンバーグ中尉は延々このノリに耐えてたんだろうか…\w…\w。,,罗森伯格,
katakana_military_or_foreign,コントロール,2,管制,沿用已有,yes,管制,541,020_UAF_DAY91_01.egpack,game_t00540,ダリル,「コントロール、\w保護対象搭乗機はナイヴス２だ、\w先に着艦させる」,,管制,
katakana_military_or_foreign,ゴーファー・ステート,2,戈弗州,沿用已有,yes,戈弗州,813,030_UAF_DAY93_01.egpack,game_t00812,ダリル,「ん？　ああ、\w巡洋艦が『ゲティスバーグ』、\w輸送艦が『ゴーファー・ステート』」,,戈弗州,
katakana_military_or_foreign,ジョージ・ワシントン,2,乔治·华盛顿,沿用已有,yes,乔治·华盛顿,969,040_UAF_DAY94_01.egpack,game_t00968,ウィル,「前はジョージ・ワシントンに乗ってたんだ。ニミッツ級の戦術機母艦な」,,乔治·华盛顿,
katakana_military_or_foreign,ズムウォルト,2,朱姆沃尔特,沿用已有,yes,朱姆沃尔特,723,030_UAF_DAY93_01.egpack,game_t00722,オールストン准将,「また本国及び国連司令部との連絡回復を目的とし、\w４艦の中でも最も損害が少なく、\w最新鋭艦でもあるズムウォルト級駆逐艦 『キング』を連絡艦に任命」,,朱姆沃尔特,
katakana_military_or_foreign,フィリピン,2,菲律宾,沿用已有,yes,菲律宾,249,020_UAF_DAY91_01.egpack,game_t00248,ダリル,「そっちの第２６ってことは…\w…\wフィリピンからかい？　艦は？」,,菲律宾,
katakana_military_or_foreign,メートル,2,米,沿用已有,yes,米,3464,090_UAF_DAY99_02.egpack,game_t03463,航海長,「戦術機部隊に通達。母艦南西２０００メートル圏内への接近を禁ず。撃墜されても文句は言わせんぞ！」,,米,
katakana_military_or_foreign,モットー,2,座右铭,沿用已有,yes,座右铭,1219,040_UAF_DAY94_01.egpack,game_t01218,,いくら先陣がモットーの海兵隊とは言え、\w今時『前線中の前線』なんかに『優先的に』配属される米軍衛士がどういうものか――,,座右铭,
katakana_military_or_foreign,モード・オート・スペシャル,2,自动特殊模式,沿用已有,yes,自动特殊模式,3269,090_UAF_DAY99_01.egpack,game_t03268,ＪＦＫオペレーター１,「ＪＦＫ母艦打撃群司令部より『ゲティスバーグ』、\w『シドニー』に達する。\nモード・オート・スペシャル――繰り返す、\w\nモード・オート・スペシャル――」,,自动特殊模式,
katakana_military_or_foreign,レナード,2,伦纳德,沿用已有,yes,伦纳德,2644,060_UAF_DAY96_01.egpack,game_t02643,,戦術機小隊のレナード。,,伦纳德,
katakana_person,ダリル・マクマナス,2,达里尔·麦克马纳斯,沿用已有,yes,达里尔·麦克马纳斯,244,020_UAF_DAY91_01.egpack,game_t00243,ダリル,「同じく、\wダリル・マクマナス中尉だ。今は二人とも海軍の第３母艦付きだけどね」,,达里尔·麦克马纳斯,
katakana_ship_or_codename,ケネディ・コントロール,2,肯尼迪管制,沿用已有,yes,肯尼迪管制,534,020_UAF_DAY91_01.egpack,game_t00533,ダリル,「ナイヴス・リードよりケネディ・コントロール、\w管制空域に入った。両機着艦許可求む」,,肯尼迪管制,
latin_or_acronym,Ａ－６,2,A-6,沿用已有,yes,A-6,1295,040_UAF_DAY94_01.egpack,game_t01294,ダリル,「…\w…\wま、\wリリアがＡ－６乗りじゃなくて助かったよ」,,A-6,
latin_or_acronym,ＣＶＮ－６７,2,CVN-67,沿用已有,yes,CVN-67,531,020_UAF_DAY91_01.egpack,game_t00530,,エンタープライズ級正規戦術機母艦、\wＣＶＮ－６７\n『ジョン・Ｆ・ケネディ』、\w通称ＪＦＫ。,,CVN-67,
latin_or_acronym,ＫＩＡ,2,KIA,沿用已有,yes,KIA,3496,090_UAF_DAY99_03.egpack,game_t03495,ＪＦＫオペレーター２,「バスター７撃墜を確認。ブラウン少尉、\wオオシマ少尉をＫＩＡと認定」,,KIA,
latin_or_acronym,Ｍ－４,2,M-4,沿用已有,yes,M-4,561,030_UAF_DAY93_01.egpack,game_t00560,,セクションＭ－４、\wＭ－４…\w…\wと。,,M-4,
ruby_reading_katakana,エレメント,2,分队,沿用已有,yes,分队,,050_UAF_DAY95_01.egpack,game_t01867_ruby,,２機分隊行動:エレメント,,分队,
ruby_reading_katakana,ドッグタグ,2,身份牌,沿用已有,yes,身份牌,,050_UAF_DAY95_01.egpack,game_t01896_ruby,,識別票:ドッグタグ,,身份牌,
ruby_reading_katakana,ビッグマム,2,Big Mom,沿用已有,yes,Big Mom,,040_UAF_DAY94_01.egpack,game_t00948_ruby,,おっかさん:ビッグマム,,Big Mom,
ruby_reading_katakana,ビッグ・マム,2,Big Mom,沿用已有,yes,Big Mom,,020_UAF_DAY91_01.egpack,game_t00217_ruby,,おっかさん:ビッグ・マム,,Big Mom,
ruby_reading_katakana,ブラック・ナイヴス,2,黑刃,建议,yes,黑刃,,030_UAF_DAY93_01.egpack,game_t00738_ruby,,海兵隊第３１８戦術機隊:ブラック・ナイヴス,,黑刃,
ruby_reading_katakana,メモリアル・デイ,2,阵亡将士纪念日,沿用已有,yes,阵亡将士纪念日,,060_UAF_DAY96_01.egpack,game_t02704_ruby,,戦没将兵追悼記念日:メモリアル・デイ,,阵亡将士纪念日,
ruby_reading_katakana,リソース,2,资源,沿用已有,yes,资源,,060_UAF_DAY96_01.egpack,game_t02221_ruby,,選択肢:リソース,,资源,
ruby_term,僚機,2,僚机,沿用已有,yes,僚机,,040_UAF_DAY94_01.egpack,game_t01276_ruby,,僚機:バディ,,僚机,
ruby_term,常に忠誠,2,永远忠诚,沿用已有,yes,永远忠诚,,070_UAF_DAY97_01.egpack,game_t02793_ruby,,常に忠誠:センパー・ファイ,,永远忠诚,
ruby_term,常に忠誠を,2,永远忠诚,沿用已有,yes,永远忠诚,,050_UAF_DAY95_01.egpack,game_t01693_ruby,,常に忠誠を:センパー・ファイ,,永远忠诚,
ruby_term,戦没将兵追悼記念日,2,阵亡将士纪念日,沿用已有,yes,阵亡将士纪念日,,060_UAF_DAY96_01.egpack,game_t02704_ruby,,戦没将兵追悼記念日:メモリアル・デイ,,阵亡将士纪念日,
kanji_place_or_military_org,中隊,1,中队,沿用已有,yes,中队,3429,090_UAF_DAY99_02.egpack,game_t03428,,中隊でも支えきれないのに３機で何とかしろって言うのかよ…\w…\w。,,中队,
kanji_place_or_military_org,元々分遣隊,1,原本是分遣队,沿用已有,yes,原本是分遣队,1491,040_UAF_DAY94_01.egpack,game_t01490,リリア,「ダリル隊長が言ってたわよね、\wこの艦の海兵隊は元々分遣隊で、\w別任務についてたって」,,原本是分遣队,
kanji_place_or_military_org,入隊,1,入队,沿用已有,yes,入队,1220,040_UAF_DAY94_01.egpack,game_t01219,,この現実…\w…\w入隊するまで知りもしなかった自分が情けなく思えたもんだ。,,入队,
kanji_place_or_military_org,全部隊,1,全部队,沿用已有,yes,全部队,3130,090_UAF_DAY99_01.egpack,game_t03129,ダリル,「この状況に際し、\wＪＦＫ母艦打撃群司令部は、\w指揮下にある全部隊に交戦準備を命令。沖合いの『ゲティスバーグ』、\w『シドニー』に各艦の乗組員が急行している」,,全部队,
kanji_place_or_military_org,合衆国海兵隊,1,合众国海军陆战队,沿用已有,yes,合众国海军陆战队,3708,100_UAF_DAY100_01.egpack,game_t03707,リリア,「合衆国海兵隊と…\w…\w戦友の、\w名に懸けて――！」,,合众国海军陆战队,
kanji_place_or_military_org,地上基地,1,地面基地,沿用已有,yes,地面基地,592,030_UAF_DAY93_01.egpack,game_t00591,リリア,「そうね、\wずっと地上基地と揚陸艦ばかりだったから」,,地面基地,
kanji_place_or_military_org,大体作戦,1,大体作战,沿用已有,yes,大体作战,73,020_UAF_DAY91_01.egpack,game_t00072,ウィル,「――手元狂わす気満々じゃないですか！　\n大体作戦中ですよ中尉、\w\nレコーダー回ってるんですから…\w…\w！」,,大体作战,
kanji_place_or_military_org,大規模作戦,1,大规模作战,沿用已有,yes,大规模作战,3321,090_UAF_DAY99_01.egpack,game_t03320,,この数…\w…\w俺たちが大規模作戦を組むときの敵と変わらないじゃないか…\w…\w！,,大规模作战,
kanji_place_or_military_org,小隊,1,小队,沿用已有,yes,小队,3421,090_UAF_DAY99_02.egpack,game_t03420,バスター１,「Ｂ小隊から撤収だ！　続いてＣ小隊、\wＡ小隊！」,,小队,
kanji_place_or_military_org,弔銃隊,1,鸣枪队,沿用已有,yes,鸣枪队,2893,080_UAF_DAY98_01.egpack,game_t02892,,リリアたちの弔銃隊だ…\w…\w。,,鸣枪队,
kanji_place_or_military_org,我々海兵戦術機隊,1,我方海军陆战队战术机队,沿用已有,yes,我方海军陆战队战术机队,3146,090_UAF_DAY99_01.egpack,game_t03145,ダリル,「我々海兵戦術機隊は海軍の母艦戦術機隊と合流、\w母艦周辺に展開して防衛線を構築しＢＥＴＡの迎撃にあたる」,,我方海军陆战队战术机队,
kanji_place_or_military_org,我々海兵隊,1,我方海军陆战队,沿用已有,yes,我方海军陆战队,3191,090_UAF_DAY99_01.egpack,game_t03190,リリア,「は――。目視誘導は我々海兵隊が受けるべき任務ではないでしょうか？」,,我方海军陆战队,
kanji_place_or_military_org,戦術機分隊,1,战术机分队,沿用已有,yes,战术机分队,1366,040_UAF_DAY94_01.egpack,game_t01365,ダリル,「これからは２機ずつの戦術機分隊を３人で回していくことになる」,,战术机分队,
kanji_place_or_military_org,戦術機小隊,1,战术机小队,沿用已有,yes,战术机小队,2644,060_UAF_DAY96_01.egpack,game_t02643,,戦術機小隊のレナード。,,战术机小队,
kanji_place_or_military_org,探索部隊,1,探索部队,沿用已有,yes,探索部队,1192,040_UAF_DAY94_01.egpack,game_t01191,,俺たち探索部隊がモノの役に立つのも、\wいつか誰かを見つけられるって希望が持てるのも、\wこいつのおかげなんだ。,,探索部队,
kanji_place_or_military_org,揚陸作戦,1,登陆作战,沿用已有,yes,登陆作战,985,040_UAF_DAY94_01.egpack,game_t00984,リリア,「そうよ、\w英国海軍や欧州連合と一緒だったし。揚陸作戦ばっかやってたわ」,,登陆作战,
kanji_place_or_military_org,攻略部隊,1,攻略部队,沿用已有,yes,攻略部队,692,030_UAF_DAY93_01.egpack,game_t00691,オールストン准将,「本艦…\w…\wＣＶＮ－６７『ジョン・Ｆ・ケネディ』は、\w僚艦の『ニミッツ』と共に母艦打撃群を編成し、\w鉄原ハイヴ攻略部隊として日本海に展開していた」,,攻略部队,
kanji_place_or_military_org,敵本隊,1,敌本队,沿用已有,yes,敌本队,3150,090_UAF_DAY99_01.egpack,game_t03149,ダリル,「第一波はＡＬ弾と通常弾頭の混合。これは、\w敵前衛に存在する突撃級ではなく、\w後方に存在するであろう敵本隊を狙うものだ」,,敌本队,
kanji_place_or_military_org,本艦海兵隊,1,本舰海军陆战队,沿用已有,yes,本舰海军陆战队,680,030_UAF_DAY93_01.egpack,game_t00679,オールストン准将,「よって、\w本国からの指揮系統が回復するまでの間、\wリリア・シェルベリ少尉を本艦海兵隊に編入する」,,本舰海军陆战队,
kanji_place_or_military_org,機分隊,1,机分队,沿用已有,yes,机分队,1370,040_UAF_DAY94_01.egpack,game_t01369,ダリル,「当面は任務の内容と推進剤効率に鑑み、\w２機分隊での運用を継続する」,,机分队,
kanji_place_or_military_org,機械化装甲歩兵部隊,1,机械化装甲步兵部队,沿用已有,yes,机械化装甲步兵部队,3565,090_UAF_DAY99_03.egpack,game_t03564,ＪＦＫオペレーター１,「――破孔部より小型種が進入、\w機械化装甲歩兵部隊が交戦中です！」,,机械化装甲步兵部队,
kanji_place_or_military_org,母艦戦術機隊,1,母舰战术机队,沿用已有,yes,母舰战术机队,3146,090_UAF_DAY99_01.egpack,game_t03145,ダリル,「我々海兵戦術機隊は海軍の母艦戦術機隊と合流、\w母艦周辺に展開して防衛線を構築しＢＥＴＡの迎撃にあたる」,,母舰战术机队,
kanji_place_or_military_org,決死隊,1,敢死队,沿用已有,yes,敢死队,818,030_UAF_DAY93_01.egpack,game_t00817,ダリル,「男前のいい艦だったけどねえ…\w…\w燃料かき集めたと言ってもハワイまではギリギリ、\wこの状況では決死隊みたいなモンさ」,,敢死队,
kanji_place_or_military_org,海兵分遣隊,1,海军陆战队分遣队,沿用已有,yes,海军陆战队分遣队,1557,040_UAF_DAY94_01.egpack,game_t01556,ウィル,「歩兵小隊側の長、\wこの海兵分遣隊の指揮官だよ」,,海军陆战队分遣队,
kanji_place_or_military_org,海兵連隊,1,海军陆战队团,沿用已有,yes,海军陆战队团,760,030_UAF_DAY93_01.egpack,game_t00759,ダリル,「この分遣隊、\wアタシら戦術機１個小隊、\w第３海兵連隊からの歩兵１個小隊で構成されてるんだけど…\w…\w」,,海军陆战队团,
kanji_place_or_military_org,海兵隊歩兵小隊,1,海军陆战队步兵小队,沿用已有,yes,海军陆战队步兵小队,2869,080_UAF_DAY98_01.egpack,game_t02868,,海兵隊歩兵小隊の連中が、\w彼らの棺を運んでいく。,,海军陆战队步兵小队,
kanji_place_or_military_org,海兵隊陸戦部隊,1,海军陆战队陆战部队,沿用已有,yes,海军陆战队陆战部队,3067,090_UAF_DAY99_01.egpack,game_t03066,オールストン准将,「オペレーター、\w海兵隊陸戦部隊に秘匿回線繋げ。『ゴルフセット』の移設準備を指示せよ」,,海军陆战队陆战部队,
kanji_place_or_military_org,海軍戦術機隊,1,海军战术机队,沿用已有,yes,海军战术机队,3200,090_UAF_DAY99_01.egpack,game_t03199,ダリル,「我々は海軍戦術機隊と連携し、\w敵を撃破しつつ、\w可能な限り母艦から引き離す」,,海军战术机队,
kanji_place_or_military_org,海軍補給部隊,1,海军补给部队,沿用已有,yes,海军补给部队,2028,060_UAF_DAY96_01.egpack,game_t02027,ウィル,「元々あれに所属してた海軍補給部隊の情報なら、\wＪＦＫのローカルデータベースにも残ってたってさ」,,海军补给部队,
kanji_place_or_military_org,第３海兵連隊,1,第3海军陆战队团,沿用已有,yes,第3海军陆战队团,760,030_UAF_DAY93_01.egpack,game_t00759,ダリル,「この分遣隊、\wアタシら戦術機１個小隊、\w第３海兵連隊からの歩兵１個小隊で構成されてるんだけど…\w…\w」,,第3海军陆战队团,
kanji_place_or_military_org,第３１８海兵戦術機隊,1,第318海军陆战队战术机队,沿用已有,yes,第318海军陆战队战术机队,243,020_UAF_DAY91_01.egpack,game_t00242,ウィル,「第３１８海兵戦術機隊、\w\nウィルバート・コリンズ少尉です」,,第318海军陆战队战术机队,
kanji_place_or_military_org,第５３６戦術機隊,1,第536战术机队,沿用已有,yes,第536战术机队,995,040_UAF_DAY94_01.egpack,game_t00994,リリア,「第５３６戦術機隊の強襲掃討とは私のことよ」,,第536战术机队,
kanji_place_or_military_org,第５３６戦術歩行戦闘機隊,1,第536战术步行战斗机队,沿用已有,yes,第536战术步行战斗机队,666,030_UAF_DAY93_01.egpack,game_t00665,リリア,「海兵隊第５３６戦術歩行戦闘機隊、\wリリア・シェルベリ少尉であります」,,第536战术步行战斗机队,
kanji_place_or_military_org,艦隊,1,舰队,沿用已有,yes,舰队,273,020_UAF_DAY91_01.egpack,game_t00272,リリア,「だったら――！　艦隊に連絡して捜索隊を――！」,,舰队,
kanji_place_or_military_org,通信可能全域部隊,1,通信范围内全体部队,沿用已有,yes,通信范围内全体部队,3241,090_UAF_DAY99_01.egpack,game_t03240,オールストン准将,「――ＪＦＫ艦長より、\w通信可能全域部隊に達する」,,通信范围内全体部队,
kanji_place_or_military_org,騎兵隊,1,骑兵队,沿用已有,yes,骑兵队,3126,090_UAF_DAY99_01.egpack,game_t03125,,俺たちは、\w来るかも分からない騎兵隊を頼りに耐えろってことなのか…\w…\w。,,骑兵队,
katakana_callsign_or_unit,オール・バスターズ,1,破坏者全机,沿用已有,yes,破坏者全机,3420,090_UAF_DAY99_02.egpack,game_t03419,バスター１,「バスター１よりオール・バスターズ！　帰投し推進剤と弾薬の補給を行う。なお補給順序は近接データリンクで転送する！」,,破坏者全机,
katakana_callsign_or_unit,レイジング・バスターズ,1,狂怒破坏者队,沿用已有,yes,狂怒破坏者队,3330,090_UAF_DAY99_01.egpack,game_t03329,ダリル,「おやおや、\w天下のレイジング・バスターズがやけに情けないことを言うねぇ」,,狂怒破坏者队,
katakana_foreign_word,アイ・マム,1,是，长官,沿用已有,yes,是，长官,3394,090_UAF_DAY99_02.egpack,game_t03393,ウィル,「――アイ・マム！　全力で抑えますッ！」,,是，长官,
katakana_foreign_word,ウェルカム・ホーム,1,欢迎回家,沿用已有,yes,欢迎回家,559,020_UAF_DAY91_01.egpack,game_t00558,ＪＦＫオペレーター,「コントロール了解。救護班は待機済みです。…\w…\wウェルカム・ホーム」,,欢迎回家,
katakana_foreign_word,カレン・グラーノ,1,卡伦·格拉诺,沿用已有,yes,卡伦·格拉诺,2739,070_UAF_DAY97_01.egpack,game_t02738,リリア,「…\w…\wカレン・グラーノ少尉」,,卡伦·格拉诺,
katakana_foreign_word,コード８１１,1,代码811,沿用已有,yes,代码811,3049,090_UAF_DAY99_01.egpack,game_t03048,ＪＦＫオペレーター１,「コード８１１確認、\w低軌道観測衛星より戦域データ更新――南西方向、\w敵前衛までの距離、\w約１８０キロ」,,代码811,
katakana_foreign_word,ジーン・カミンスキー,1,吉恩·卡明斯基,沿用已有,yes,吉恩·卡明斯基,3558,090_UAF_DAY99_03.egpack,game_t03557,ＪＦＫオペレーター２,「バスター３撃墜を確認。ジーン・カミンスキー中尉、\wデニス・モンロー少尉をＫＩＡと認定」,,吉恩·卡明斯基,
katakana_foreign_word,ステーション,1,站位,沿用已有,yes,站位,3424,090_UAF_DAY99_02.egpack,game_t03423,,ステーション上がりの俺にできるのか――？,,站位,
katakana_foreign_word,デニス・モンロー,1,丹尼斯·门罗,沿用已有,yes,丹尼斯·门罗,3558,090_UAF_DAY99_03.egpack,game_t03557,ＪＦＫオペレーター２,「バスター３撃墜を確認。ジーン・カミンスキー中尉、\wデニス・モンロー少尉をＫＩＡと認定」,,丹尼斯·门罗,
katakana_foreign_word,ビッグマム・コンビ,1,Big Mom组合,沿用已有,yes,Big Mom组合,1307,040_UAF_DAY94_01.egpack,game_t01306,,メル＝リリア連合に続き、\wビッグマム・コンビの誕生も近いなこりゃ…\w…\w。,,Big Mom组合,
katakana_foreign_word,ビッグ・マム２,1,Big Mom 2号,沿用已有,yes,Big Mom 2号,1829,050_UAF_DAY95_01.egpack,game_t01828,ウィル,「このビッグ・マム２号――！　帰りは俺に運んで貰うつもりか――！？」,,Big Mom 2号,
katakana_foreign_word,ピクニック・プラン,1,野餐计划,沿用已有,yes,野餐计划,1577,050_UAF_DAY95_01.egpack,game_t01576,ダリル,「本日のピクニック・プランを説明するよ」,,野餐计划,
katakana_foreign_word,メモリアル・デイ,1,阵亡将士纪念日,沿用已有,yes,阵亡将士纪念日,2530,060_UAF_DAY96_01.egpack,game_t02529,,メモリアル・デイ――過去に戦死したあらゆる米国軍人を追悼する記念日だ。,,阵亡将士纪念日,
katakana_foreign_word,モン・サン・ミシェル,1,圣米歇尔山,沿用已有,yes,圣米歇尔山,989,040_UAF_DAY94_01.egpack,game_t00988,リリア,「あのモン・サン・ミシェル要塞にいたこともあるんだから」,,圣米歇尔山,
katakana_foreign_word,モード・オート・スペシャル,1,自动特殊模式,沿用已有,yes,自动特殊模式,3268,090_UAF_DAY99_01.egpack,game_t03267,オールストン准将,「よろしい！　光線属種は存在しないものと判断する。――モード・オート・スペシャル！　ありったけの誘導弾を叩き込め！」,,自动特殊模式,
katakana_military_or_foreign,グラハム・ローゼンバーグ,1,格雷厄姆·罗森伯格,沿用已有,yes,格雷厄姆·罗森伯格,2867,080_UAF_DAY98_01.egpack,game_t02866,航海長,「海兵隊第３１８戦術歩行戦闘機隊、\wグラハム・ローゼンバーグ中尉、\wレナード・ヴァンゴーア少尉――」,,格雷厄姆·罗森伯格,
katakana_military_or_foreign,ビッグ・マム,1,Big Mom,沿用已有,yes,Big Mom,1555,040_UAF_DAY94_01.egpack,game_t01554,ウィル,「そういや隊長も説明して無かったな。ビッグ・マムにも抜かりはあるってことか」,,Big Mom,
katakana_military_or_foreign,ブラディ・ナイトメア,1,血色噩梦,沿用已有,yes,血色噩梦,2988,090_UAF_DAY99_01.egpack,game_t02987,,第５３６海兵戦術機隊『ブラディ・ナイトメア』\n…\w…\wリリアが前にいた部隊だ。,,血色噩梦,
katakana_military_or_foreign,レナード・ヴァンゴーア,1,伦纳德·梵高尔,沿用已有,yes,伦纳德·梵高尔,2867,080_UAF_DAY98_01.egpack,game_t02866,航海長,「海兵隊第３１８戦術歩行戦闘機隊、\wグラハム・ローゼンバーグ中尉、\wレナード・ヴァンゴーア少尉――」,,伦纳德·梵高尔,
katakana_military_or_foreign,ローカルデータベース,1,本地数据库,沿用已有,yes,本地数据库,2028,060_UAF_DAY96_01.egpack,game_t02027,ウィル,「元々あれに所属してた海軍補給部隊の情報なら、\wＪＦＫのローカルデータベースにも残ってたってさ」,,本地数据库,
katakana_person,ダリル・ザ・ビッグマム・マクマナス,1,达里尔·“Big Mom”·麦克马纳斯,沿用已有,yes,达里尔·“Big Mom”·麦克马纳斯,954,040_UAF_DAY94_01.egpack,game_t00953,,ああ偉大なるおっかさん、\wダリル・ザ・ビッグマム・マクマナス。,,达里尔·“Big Mom”·麦克马纳斯,
katakana_person,ダリル・Ａ・マクマナス,1,达里尔·A·麦克马纳斯,沿用已有,yes,达里尔·A·麦克马纳斯,953,040_UAF_DAY94_01.egpack,game_t00952,ウィル,「もちろん我らがママ、\wダリル・Ａ・マクマナス隊長のことさ」,,达里尔·A·麦克马纳斯,
katakana_person,リリア・シェル,1,莉莉娅·谢尔,沿用已有,yes,莉莉娅·谢尔,167,020_UAF_DAY91_01.egpack,game_t00166,少尉,「…\w…\w了解…\w…\w…\w…\wらはリリア・シェル…\w…\w少尉…\w…\w…\w…\w願います…\w…\w」,,莉莉娅·谢尔,
katakana_ship_or_codename,ケネディ・ホテル,1,肯尼迪旅馆,沿用已有,yes,肯尼迪旅馆,650,030_UAF_DAY93_01.egpack,game_t00649,ウィル,「そういやそうか。ま、\w仲間内じゃ『ケネディ・ホテル』とか呼ばれてるよ」,,肯尼迪旅馆,
katakana_ship_or_codename,ジョン・F・ケネディ,1,约翰·F·肯尼迪,沿用已有,yes,约翰·F·肯尼迪,2908,080_UAF_DAY98_01.egpack,game_t02907,航海長,「以上を以って、\wジョン・F・ケネディ母艦打撃群部隊葬を終わる！」,,约翰·F·肯尼迪,
katakana_ship_or_codename,ビッグ・ケネディ,1,大肯尼迪,沿用已有,yes,大肯尼迪,805,030_UAF_DAY93_01.egpack,game_t00804,ダリル,「そうだ。ビッグ・ケネディは水と泥に囲まれてるおかげで、\wひっくり返らずにいられたってワケさ」,,大肯尼迪,
katakana_ship_or_codename,ホテル・ケネディ,1,肯尼迪旅馆,沿用已有,yes,肯尼迪旅馆,1178,040_UAF_DAY94_01.egpack,game_t01177,メルヴィナ,「それでこっちにお呼ばれしてるってわけ。ホテル・ケネディに部屋ももらったしさ」,,肯尼迪旅馆,
ruby_reading_katakana,アテンション・オン・デック,1,全员立正,沿用已有,yes,全员立正,,030_UAF_DAY93_01.egpack,game_t00664_ruby,,総員気をつけ:アテンション・オン・デック,,全员立正,
ruby_reading_katakana,インペリアル,1,帝国,沿用已有,yes,帝国,,040_UAF_DAY94_01.egpack,game_t01499_ruby,,日本帝国:インペリアル,,帝国,
ruby_reading_katakana,ウチ,1,我方/本舰,沿用已有,yes,我方/本舰,,020_UAF_DAY91_01.egpack,game_t00091_ruby,,母艦自体:ウチ,,我方/本舰,
ruby_reading_katakana,クリーン・アメリカンズ,1,纯正美国人,沿用已有,yes,纯正美国人,,040_UAF_DAY94_01.egpack,game_t01532_ruby,,正純米国主義:クリーン・アメリカンズ,,纯正美国人,
ruby_reading_katakana,グランド・オーシャン・スライド,1,大海崩,沿用已有,yes,大海崩,,030_UAF_DAY93_01.egpack,game_t00672_ruby,,大海崩:グランド・オーシャン・スライド,,大海崩,
ruby_reading_katakana,ジェーン・ドゥ,1,无名女尸,沿用已有,yes,无名女尸,,060_UAF_DAY96_01.egpack,game_t02044_ruby,,名無しの死体:ジェーン・ドゥ,,无名女尸,
ruby_reading_katakana,スーパーホーネット,1,超级大黄蜂,沿用已有,yes,超级大黄蜂,,020_UAF_DAY91_01.egpack,game_t00318_ruby,,Ｆ－１８Ｅ:スーパーホーネット,,超级大黄蜂,
ruby_reading_katakana,タイプ,1,类型,沿用已有,yes,类型,,020_UAF_DAY91_01.egpack,game_t00029_ruby,,奴:タイプ,,类型,
ruby_reading_katakana,デストロイヤー,1,驱逐舰,沿用已有,yes,驱逐舰,,090_UAF_DAY99_01.egpack,game_t03214_ruby,,突撃:デストロイヤー,,驱逐舰,
ruby_reading_katakana,トップヘビー,1,头重脚轻,沿用已有,yes,头重脚轻,,030_UAF_DAY93_01.egpack,game_t00803_ruby,,頭でっかち:トップヘビー,,头重脚轻,
ruby_reading_katakana,パワーダイブ,1,动力俯冲,沿用已有,yes,动力俯冲,,050_UAF_DAY95_01.egpack,game_t01859_ruby,,動力降下:パワーダイブ,,动力俯冲,
ruby_reading_katakana,ビッグ・ケネディ,1,大肯尼迪,沿用已有,yes,大肯尼迪,,040_UAF_DAY94_01.egpack,game_t00936_ruby,,ＪＦＫ:ビッグ・ケネディ,,大肯尼迪,
ruby_reading_katakana,ビンゴ・フュエル,1,返航燃料,沿用已有,yes,返航燃料,,050_UAF_DAY95_01.egpack,game_t01791_ruby,,帰投可能推進剤残量:ビンゴ・フュエル,,返航燃料,
ruby_reading_katakana,フネ,1,船,沿用已有,yes,船,,030_UAF_DAY93_01.egpack,game_t00626_ruby,,母艦:フネ,,船,
ruby_reading_katakana,ブラック・ナイヴス・ドント・クイット,1,黑刃永不放弃,沿用已有,yes,黑刃永不放弃,,020_UAF_DAY91_01.egpack,game_t00086_ruby,,第３１８戦術機隊は諦めない:ブラック・ナイヴス・ドント・クイット,,黑刃永不放弃,
ruby_reading_katakana,ブラディ・ナイトメア,1,血色噩梦,沿用已有,yes,血色噩梦,,040_UAF_DAY94_01.egpack,game_t00994_ruby,,第５３６戦術機隊:ブラディ・ナイトメア,,血色噩梦,
ruby_reading_katakana,ボデイバッグ,1,尸袋,沿用已有,yes,尸袋,,050_UAF_DAY95_01.egpack,game_t01889_ruby,,死体袋:ボデイバッグ,,尸袋,
ruby_reading_katakana,レイジング・バスターズ,1,狂怒破坏者队,沿用已有,yes,狂怒破坏者队,,090_UAF_DAY99_01.egpack,game_t03199_ruby,,海軍戦術機隊:レイジング・バスターズ,,狂怒破坏者队,
ruby_reading_katakana,レーザー,1,激光,沿用已有,yes,激光,,090_UAF_DAY99_01.egpack,game_t03302_ruby,,光線:レーザー,,激光,
ruby_term,あなたたち,1,你们,沿用已有,yes,你们,,060_UAF_DAY96_01.egpack,game_t02167_ruby,,あなたたち:・・・・・,,你们,
ruby_term,かもしれない,1,也许,沿用已有,yes,也许,,040_UAF_DAY94_01.egpack,game_t01473_ruby,,かもしれない:・・・・・・;だろう:・・・,,也许,
ruby_term,これからも,1,今后也,沿用已有,yes,今后也,,050_UAF_DAY95_01.egpack,game_t01726_ruby,,これからも:・・・・・,,今后也,
ruby_term,そんなの必要ない,1,不需要那种东西,沿用已有,yes,不需要那种东西,,050_UAF_DAY95_01.egpack,game_t01890_ruby,,そんなの必要ない:・・・・・・・・,,不需要那种东西,
ruby_term,まだ,1,还,沿用已有,yes,还,,090_UAF_DAY99_01.egpack,game_t03082_ruby,,まだ:・・,,还,
ruby_term,体重,1,体重,沿用已有,yes,体重,,020_UAF_DAY91_01.egpack,game_t00364_ruby,,体重:・・,,体重,
ruby_term,俺たちは皆,1,我们所有人,沿用已有,yes,我们所有人,,060_UAF_DAY96_01.egpack,game_t02679_ruby,,俺たちは皆:・・・・・,,我们所有人,
ruby_term,光線,1,激光,沿用已有,yes,激光,,090_UAF_DAY99_01.egpack,game_t03302_ruby,,光線:レーザー,,激光,
ruby_term,分隊編成,1,分队编成,沿用已有,yes,分队编成,,060_UAF_DAY96_01.egpack,game_t02431_ruby,,分隊編成:エレメント,,分队编成,
ruby_term,到着予想時刻,1,预计到达时间,沿用已有,yes,预计到达时间,,050_UAF_DAY95_01.egpack,game_t01934_ruby,,到着予想時刻:ＥＴＡ,,预计到达时间,
ruby_term,動力降下,1,动力下降,沿用已有,yes,动力下降,,050_UAF_DAY95_01.egpack,game_t01859_ruby,,動力降下:パワーダイブ,,动力下降,
ruby_term,名無しの死体,1,无名尸体,沿用已有,yes,无名尸体,,060_UAF_DAY96_01.egpack,game_t02044_ruby,,名無しの死体:ジェーン・ドゥ,,无名尸体,
ruby_term,大海崩,1,大海崩,沿用已有,yes,大海崩,,030_UAF_DAY93_01.egpack,game_t00672_ruby,,大海崩:グランド・オーシャン・スライド,,大海崩,
ruby_term,孤島,1,孤岛,沿用已有,yes,孤岛,,020_UAF_DAY91_01.egpack,game_t00096_ruby,,孤島:アイランド;艦橋構造物:アイランド,,孤岛,
ruby_term,帰投可能推進剤残量,1,返航燃料余量,沿用已有,yes,返航燃料余量,,050_UAF_DAY95_01.egpack,game_t01791_ruby,,帰投可能推進剤残量:ビンゴ・フュエル,,返航燃料余量,
ruby_term,性能のいい,1,性能好的,沿用已有,yes,性能好的,,050_UAF_DAY95_01.egpack,game_t01723_ruby,,性能のいい:・・・・・,,性能好的,
ruby_term,捷報,1,捷报,沿用已有,yes,捷报,,010_UAFプロローグ.egpack,game_t00009_ruby,,捷報:しょうほう,,捷报,
ruby_term,日本帝国,1,日本帝国,沿用已有,yes,日本帝国,,040_UAF_DAY94_01.egpack,game_t01499_ruby,,日本帝国:インペリアル,,日本帝国,
ruby_term,未帰還,1,未归还,沿用已有,yes,未归还,,060_UAF_DAY96_01.egpack,game_t02068_ruby,,未帰還:ＭＩＡ;戦死:ＫＩＡ,,未归还,
ruby_term,本来の隊長,1,原本的队长,沿用已有,yes,原本的队长,,060_UAF_DAY96_01.egpack,game_t02644_ruby,,本来の隊長:・・・・・,,原本的队长,
ruby_term,正純米国主義,1,纯正美国主义,沿用已有,yes,纯正美国主义,,040_UAF_DAY94_01.egpack,game_t01532_ruby,,正純米国主義:クリーン・アメリカンズ,,纯正美国主义,
ruby_term,死体も出ない,1,连尸体都找不到,沿用已有,yes,连尸体都找不到,,060_UAF_DAY96_01.egpack,game_t02064_ruby,,死体も出ない:・・・・・・,,连尸体都找不到,
ruby_term,死体袋,1,尸袋,沿用已有,yes,尸袋,,050_UAF_DAY95_01.egpack,game_t01889_ruby,,死体袋:ボデイバッグ,,尸袋,
ruby_term,母艦,1,母舰,沿用已有,yes,母舰,,030_UAF_DAY93_01.egpack,game_t00626_ruby,,母艦:フネ,,母舰,
ruby_term,母艦自体,1,母舰本身,沿用已有,yes,母舰本身,,020_UAF_DAY91_01.egpack,game_t00091_ruby,,母艦自体:ウチ,,母舰本身,
ruby_term,汚れ,1,污垢,沿用已有,yes,污垢,,020_UAF_DAY91_01.egpack,game_t00480_ruby,,汚れ:・・;臭い:・・,,污垢,
ruby_term,注意を怠るな,1,不得疏忽警戒,沿用已有,yes,不得疏忽警戒,,050_UAF_DAY95_01.egpack,game_t01687_ruby,,注意を怠るな:・・・・・・,,不得疏忽警戒,
ruby_term,海兵第３１８戦術機隊,1,海军陆战队第318战术机队,沿用已有,yes,海军陆战队第318战术机队,,090_UAF_DAY99_01.egpack,game_t03238_ruby,,海兵第３１８戦術機隊:ブラック・ナイヴス,,海军陆战队第318战术机队,
ruby_term,海兵隊第３１８戦術機隊,1,海军陆战队第318战术机队,沿用已有,yes,海军陆战队第318战术机队,,030_UAF_DAY93_01.egpack,game_t00738_ruby,,海兵隊第３１８戦術機隊:ブラック・ナイヴス,,海军陆战队第318战术机队,
ruby_term,海軍戦術機隊,1,海军战术机队,沿用已有,yes,海军战术机队,,090_UAF_DAY99_01.egpack,game_t03199_ruby,,海軍戦術機隊:レイジング・バスターズ,,海军战术机队,
ruby_term,物資,1,物资,沿用已有,yes,物资,,060_UAF_DAY96_01.egpack,game_t02576_ruby,,物資:リソース,,物资,
ruby_term,特技,1,特长,沿用已有,yes,特长,,040_UAF_DAY94_01.egpack,game_t01558_ruby,,特技:・・,,特长,
ruby_term,状況に鑑み,1,鉴于情况,沿用已有,yes,鉴于情况,,060_UAF_DAY96_01.egpack,game_t02451_ruby,,状況に鑑み:・・・・・,,鉴于情况,
ruby_term,生涯忠誠,1,终身忠诚,沿用已有,yes,终身忠诚,,090_UAF_DAY99_01.egpack,game_t03229_ruby,,生涯忠誠:センパー・ファイ;命を懸けて:ドゥ・オア・ダイ,,终身忠诚,
ruby_term,相棒,1,搭档,沿用已有,yes,搭档,,060_UAF_DAY96_01.egpack,game_t02645_ruby,,相棒:バディ,,搭档,
ruby_term,突撃,1,突击,沿用已有,yes,突击,,090_UAF_DAY99_01.egpack,game_t03214_ruby,,突撃:デストロイヤー,,突击,
ruby_term,第３１８戦術機隊は諦めない,1,第318战术机队绝不放弃,沿用已有,yes,第318战术机队绝不放弃,,020_UAF_DAY91_01.egpack,game_t00086_ruby,,第３１８戦術機隊は諦めない:ブラック・ナイヴス・ドント・クイット,,第318战术机队绝不放弃,
ruby_term,第５３６戦術機隊,1,第536战术机队,沿用已有,yes,第536战术机队,,040_UAF_DAY94_01.egpack,game_t00994_ruby,,第５３６戦術機隊:ブラディ・ナイトメア,,第536战术机队,
ruby_term,米軍,1,美军,沿用已有,yes,美军,,040_UAF_DAY94_01.egpack,game_t00987_ruby,,米軍:・・,,美军,
ruby_term,総員気をつけ,1,全员立正,沿用已有,yes,全员立正,,030_UAF_DAY93_01.egpack,game_t00664_ruby,,総員気をつけ:アテンション・オン・デック,,全员立正,
ruby_term,西洋風の名前をつけてまで,1,甚至取了西式名字,沿用已有,yes,甚至取了西式名字,,040_UAF_DAY94_01.egpack,game_t01229_ruby,,西洋風の名前をつけてまで:・・・・・・・・・・・・,,甚至取了西式名字,
ruby_term,認識票,1,身份牌,沿用已有,yes,身份牌,,050_UAF_DAY95_01.egpack,game_t01918_ruby,,認識票:ドッグタグ,,身份牌,
ruby_term,誰かが,1,有人,沿用已有,yes,有人,,040_UAF_DAY94_01.egpack,game_t01328_ruby,,誰かが:・・・,,有人,
ruby_term,識別票,1,识别牌,沿用已有,yes,识别牌,,050_UAF_DAY95_01.egpack,game_t01896_ruby,,識別票:ドッグタグ,,识别牌,
ruby_term,輸送任務,1,运输任务,沿用已有,yes,运输任务,,040_UAF_DAY94_01.egpack,game_t01497_ruby,,輸送任務:・・・・,,运输任务,
ruby_term,近接兵器,1,近接武器,沿用已有,yes,近接武器,,090_UAF_DAY99_02.egpack,game_t03493_ruby,,近接兵器:ＣＩＷＳ,,近接武器,
ruby_term,選択肢,1,选项,沿用已有,yes,选项,,060_UAF_DAY96_01.egpack,game_t02221_ruby,,選択肢:リソース,,选项,
ruby_term,重くても,1,再重也,沿用已有,yes,再重也,,020_UAF_DAY91_01.egpack,game_t00374_ruby,,重くても:・・・・,,再重也,
ruby_term,頭でっかち,1,头重脚轻,沿用已有,yes,头重脚轻,,030_UAF_DAY93_01.egpack,game_t00803_ruby,,頭でっかち:トップヘビー,,头重脚轻,
ruby_term,２機分隊行動,1,双机分队行动,沿用已有,yes,双机分队行动,,050_UAF_DAY95_01.egpack,game_t01867_ruby,,２機分隊行動:エレメント,,双机分队行动,
ruby_term,９６日が経ちました,1,已经过了96天,沿用已有,yes,已经过了96天,,060_UAF_DAY96_01.egpack,game_t02466_ruby,,９６日が経ちました:96th day after,,已经过了96天,
ruby_term,Ｆ－１８Ｅ,1,F-18E,沿用已有,yes,F-18E,,020_UAF_DAY91_01.egpack,game_t00318_ruby,,Ｆ－１８Ｅ:スーパーホーネット,,F-18E,
ruby_term,ＪＦＫ,1,JFK,沿用已有,yes,JFK,,040_UAF_DAY94_01.egpack,game_t00936_ruby,,ＪＦＫ:ビッグ・ケネディ,,JFK,
speaker_table_name,ウィル,1,威尔,沿用已有,yes,威尔,,__speakers__.egpack,game_s00001,,ウィル,,威尔,
speaker_table_name,ウィル・リリア,1,威尔·莉莉娅,沿用已有,yes,威尔·莉莉娅,,__speakers__.egpack,game_s00002,,ウィル・リリア,,威尔·莉莉娅,
speaker_table_name,オペレーター,1,操作员,沿用已有,yes,操作员,,__speakers__.egpack,game_s00003,,オペレーター,,操作员,
speaker_table_name,オールストン准将,1,奥尔斯顿准将,沿用已有,yes,奥尔斯顿准将,,__speakers__.egpack,game_s00004,,オールストン准将,,奥尔斯顿准将,
speaker_table_name,ダリル,1,达里尔,沿用已有,yes,达里尔,,__speakers__.egpack,game_s00005,,ダリル,,达里尔,
speaker_table_name,テイラー大将,1,泰勒大将,沿用已有,yes,泰勒大将,,__speakers__.egpack,game_s00006,,テイラー大将,,泰勒大将,
speaker_table_name,バスター１,1,破坏者1,沿用已有,yes,破坏者1,,__speakers__.egpack,game_s00007,,バスター１,,破坏者1,
speaker_table_name,バスター２,1,破坏者2,沿用已有,yes,破坏者2,,__speakers__.egpack,game_s00008,,バスター２,,破坏者2,
speaker_table_name,マクマナス中尉,1,麦克马纳斯中尉,沿用已有,yes,麦克马纳斯中尉,,__speakers__.egpack,game_s00009,,マクマナス中尉,,麦克马纳斯中尉,
speaker_table_name,メルヴィナ,1,梅尔维娜,沿用已有,yes,梅尔维娜,,__speakers__.egpack,game_s00010,,メルヴィナ,,梅尔维娜,
speaker_table_name,リリア,1,莉莉娅,沿用已有,yes,莉莉娅,,__speakers__.egpack,game_s00011,,リリア,,莉莉娅,
speaker_table_name,中尉,1,中尉,沿用已有,yes,中尉,,__speakers__.egpack,game_s00012,,中尉,,中尉,
speaker_table_name,少尉,1,少尉,沿用已有,yes,少尉,,__speakers__.egpack,game_s00014,,少尉,,少尉,
speaker_table_name,整備兵,1,整备兵,沿用已有,yes,整备兵,,__speakers__.egpack,game_s00015,,整備兵,,整备兵,
speaker_table_name,神宮司少佐,1,神宫司少佐,沿用已有,yes,神宫司少佐,,__speakers__.egpack,game_s00000,,神宮司少佐,,神宫司少佐,
speaker_table_name,航海長,1,航海长,沿用已有,yes,航海长,,__speakers__.egpack,game_s00016,,航海長,,航海长,
speaker_table_name,軍医,1,军医,沿用已有,yes,军医,,__speakers__.egpack,game_s00017,,軍医,,军医,
speaker_table_name,ＪＦＫオペレーター,1,JFK操作员,沿用已有,yes,JFK操作员,,__speakers__.egpack,game_s00018,,ＪＦＫオペレーター,,JFK操作员,
speaker_table_name,ＪＦＫオペレーター１,1,JFK操作员1,沿用已有,yes,JFK操作员1,,__speakers__.egpack,game_s00019,,ＪＦＫオペレーター１,,JFK操作员1,
speaker_table_name,ＪＦＫオペレーター２,1,JFK操作员2,沿用已有,yes,JFK操作员2,,__speakers__.egpack,game_s00020,,ＪＦＫオペレーター２,,JFK操作员2,
nickname,????,12,???,????,yes,???,,,,,,,???,Daryl/Melvina nickname for Will; do not render as ??/??/boy.
nickname,ウィル坊,12,小威尔,用户确认,yes,小威尔,,,,,,,小威尔,Daryl/Melvina nickname for Will; do not render as 少爷/小子/boy.
